ID,과목,소과목,문제,정답
1.1.002,1. 금융상품 및 세제,1.1. 세제관련 법규/세무전략,종합부동산세는 ( )이고 재산세는 ( )이다.,"국세, 지방세"
1.1.003,1. 금융상품 및 세제,1.1. 세제관련 법규/세무전략,"부가가치세, 증권거래세, 주세, 인지세는 ( )이다.",간접세
1.1.004,1. 금융상품 및 세제,1.1. 세제관련 법규/세무전략,×/∘ 세법에 규정하는 기한이 공휴일·토요일·근로자의 날에 해당하는 때에는 그 전날을 기한으로 한다.,× →그 다음날
1.1.005,1. 금융상품 및 세제,1.1. 세제관련 법규/세무전략,우편으로 서류를 제출하는 경우에는 (통신날짜도장이 찍힌 날 / 도달하는 날)에 신고가 된 것으로 본다.,통신날짜도장이 찍힌 날
1.1.006,1. 금융상품 및 세제,1.1. 세제관련 법규/세무전략,×/∘ 정보통신망을 이용한 송달은 과세 관청이 필요한 경우에 한하여 사용할 수 있는 송달 방식이다.,× →정보통신망을 이용한 송달은 서류송달을 받을 자가 신청하는 경우에 한하여 행한다.
1.1.007,1. 금융상품 및 세제,1.1. 세제관련 법규/세무전략,공시송달은 해당 서류의 요지를 공고한 날로부터 ( )이 경과함으로써 서류가 송달된 것으로 보는 것을 말한다.,14일
1.1.008,1. 금융상품 및 세제,1.1. 세제관련 법규/세무전략,"소득세, 법인세, 부가가치세는 ( )에 납세의무가 성립한다.",과세기간이 종료하는 때
1.1.009,1. 금융상품 및 세제,1.1. 세제관련 법규/세무전략,"상속세는 ( )에, 증여세는 ( )에 납세의무가 성립한다.",상속이 개시된 때 / 증여재산을 취득한 때
1.1.010,1. 금융상품 및 세제,1.1. 세제관련 법규/세무전략,"납세의무는 ( ), ( ), ( )의 세 가지 방식으로 확정된다.","신고확정, 부과확정, 자동확정"
1.1.011,1. 금융상품 및 세제,1.1. 세제관련 법규/세무전략,"소득세나 부가가치세는 ( ), 상속세나 증여세는 ( ), 인지세나 원천징수하는 소득세 등은 ( )로 납세의무를 확정한다.",신고확정 / 부과확정 / 자동확정
1.1.012,1. 금융상품 및 세제,1.1. 세제관련 법규/세무전략,"납세의무가 소멸되는 것은 ( ), ( ), ( )의 3가지에 의한다.","납부나 충당 등이 있는 때, 부과처분이 취소되거나 철회될 때, 제척기간이 만료된 때, 소멸시효가 완성된 때"
1.1.013,1. 금융상품 및 세제,1.1. 세제관련 법규/세무전략,"부과된 국세를 징수하는 기간을 (제척기간 / 소멸시효)기(이)라고 하며, 5년(5억 원 이상 10년)을 적용한다.","소멸시효 → 국세를 부과하는 기간 = 제척기간, 부과된 국세를 징수하는 기간 = 소멸시효"
1.1.014,1. 금융상품 및 세제,1.1. 세제관련 법규/세무전략,×/∘ 압류 등은 사유중단사유이다.,∘ → 압류 등은 시효중단사유이다.
1.1.015,1. 금융상품 및 세제,1.1. 세제관련 법규/세무전략,×/∘ 법정기한 내에 과세표준 신고서를 제출하지 않은 경우 수정신고나 경정청구의 대상이 된다.,"× →기한 내 신고를 하지 않은 경우는 무신고가산세 대상이고, 기한 내 신고를 했는데 과소신고 한 경우 수정신고의 대상이고, 과다신고를 한 경우 경정청구의 대상이다."
1.1.016,1. 금융상품 및 세제,1.1. 세제관련 법규/세무전략,"과세표준 수정신고서를 법정기한 경과 후 ( ) 이내에 제출하는 경우에는 경과기간에 따라 과소신고가산세의 일부를 경감하며, 경정청구는 법정신고기한 경과 후 ( ) 이내에 청구함으로서 세액의 환급을 받을 수 있다.",2년 / 5년
1.1.017,1. 금융상품 및 세제,1.1. 세제관련 법규/세무전략,"조세불복제도에는 ( ), ( ), ( )가 있으며, 처분을 안 날로부터 ( ) 이내에 제기해야 한다.","이의신청, 심사청구, 심판청구 / 90일 → 심사청구는 국세청장 또는 감사원장을 대상으로 한다."
1.1.018,1. 금융상품 및 세제,1.1. 세제관련 법규/세무전략,조세불복제도에서 심사청구는 그 처분을 안 날로부터 ( ) 이내에 ( )에게 제기해야 한다.,"90일, 국세청장(또는 감사원장) → 불복지 청구기간은 90일, 조세심판원장 이다."
1.1.019,1. 금융상품 및 세제,1.1. 세제관련 법규/세무전략,우리나라 소득세는 (소득발생지 / 주소지) 과세제도를 채택하고 있다.,주소지 → 소득발생지에 불구하고 주소지를 납세지로 한다.
1.1.020,1. 금융상품 및 세제,1.1. 세제관련 법규/세무전략,"×/∘ 소득세 과세기간은 매년 1/1부터 12/31까지로 하는 것이 원칙이며, 사망 시에는 1/1부터 사망 시까지, 국외이전의 경우에는 1/1부터 출국 시까지로 한다.",∘
1.1.021,1. 금융상품 및 세제,1.1. 세제관련 법규/세무전략,"소득세의 과세방법은 ( ), ( ), ( )의 세 가지이다.","종합과세, 분류과세, 분리과세"
1.1.022,1. 금융상품 및 세제,1.1. 세제관련 법규/세무전략,"소득세법상 거주자는 국내에 주소를 두거나 ( ) 이상 거소를 둔 개인을 말하며, 국적과는 관계가 없다.","183일 → 과세자는 소득발생지가 아닌 ""주소지 과세제도""를 택하고 있다."
1.1.023,1. 금융상품 및 세제,1.1. 세제관련 법규/세무전략,"조세조약이 체결되지 않은 국가의 비거주자의 경우, 국내사업장이나 부동산소득이 있는 비거주자는 국내원천소득에 대해서 ( )로 과세한다.","종합과세 → 조세조약체결국가의 경우, 금융소득이 국내사업장이나 부동산소득과 관련이 있는 경우 종합과세한다."
1.1.024,1. 금융상품 및 세제,1.1. 세제관련 법규/세무전략,"비거주자의 경우, 국내사업장이나 부동산소득이 없는 비거주자는 국내원천소득에 대해서 ( )로 과세한다.",분리과세
1.1.025,1. 금융상품 및 세제,1.1. 세제관련 법규/세무전략,"분류과세의 대상이 되는 소득은 ( ), ( )이다.","양도소득, 퇴직소득 → 분류과세와 분리과세는 다른 개념이다."
1.1.026,1. 금융상품 및 세제,1.1. 세제관련 법규/세무전략,환매조건부채권의 매매차익은 소득세법상 (이자소득 / 배당소득)으로 분류된다.,이자소득
1.1.027,1. 금융상품 및 세제,1.1. 세제관련 법규/세무전략,저축성보험의 보험차익은 소득세법상 (이자소득 / 배당소득)으로 분류된다.,이자소득
1.1.028,1. 금융상품 및 세제,1.1. 세제관련 법규/세무전략,대금업에 해당하지 않는 금전대여로 인해 받는 이자를 ( )라 하며 소득세법상 이자소득으로 분류된다.,비영업대금의 이익 → 비영업대금의 이익의 원천징수세율은 25%이다.
1.1.029,1. 금융상품 및 세제,1.1. 세제관련 법규/세무전략,집합투자기구로부터의 이익은 소득세법상 (이자소득 / 배당소득)으로 분류된다.,배당소득
1.1.030,1. 금융상품 및 세제,1.1. 세제관련 법규/세무전략,"공동사업자의 손익분배금은 ( )이지만, 출자공동사업자의 손익분배금은 ( )으로 분류된다.","사업소득, 배당소득"
1.1.031,1. 금융상품 및 세제,1.1. 세제관련 법규/세무전략,"합병이나 자본감소 등의 재무활동을 통해 양도차익이 발생한 경우 ( )으로 간주하여 배당과세하며, 해산의 경우 (해산일 / 잔여재산가액확정일)을 해당소득의 수입시기로 한다.","의제배당, 잔여재산가액확정일"
1.1.032,1. 금융상품 및 세제,1.1. 세제관련 법규/세무전략,$\times$/∘ 합병법인의 경우 합병협정 후 주식을 지급받는 날을 배당소득의 수입시기로 한다.,× →본합병등기일이다.
1.1.033,1. 금융상품 및 세제,1.1. 세제관련 법규/세무전략,법인세법에 의하여 배당으로 처분된 금액은 (인정배당 / 의제배당)으로서 배당소득으로 과세된다.,인정배당 → 참고로 인정배당의 수입시기는 당해 사업연도 결산일이다.
1.1.034,1. 금융상품 및 세제,1.1. 세제관련 법규/세무전략,배액배당세액공제제도에서의 배당가산율(Gross-Up)은 배당소득의 ( )이다.,10% → 24년 개정사항으로서 11%에서 10%로 변경되었다.
1.1.035,1. 금융상품 및 세제,1.1. 세제관련 법규/세무전략,"배당세액공제는 ( ), 내국법인으로부터 받은 배당소득일 것, 금융소득종합과세 기준금액인 2천만 원을 초과하는 배당소득일 것의 세 가지 요건을 모두 충족 시 적용된다.",법인세가 과세된 소득에서 지급되는 배당소득일 것
1.1.036,1. 금융상품 및 세제,1.1. 세제관련 법규/세무전략,"금융소득을 과세하는 방법에는 ( ), ( ), ( )의 세 가지가 있다.","무조건 분리과세, 조건부 종합과세, 무조건 종합과세"
1.1.037,1. 금융상품 및 세제,1.1. 세제관련 법규/세무전략,"무조건 분리과세소득을 제외한 금융소득이 5천만 원일 경우, 금융소득종합과세 제외(종합소득과세대상)이 되는 금융소득은 (3천만 원 / 5천만 원)이다.","× →국내사업장이나 부동산임대사업소득에 귀속되거나, 있더라도 금융소득과 연관이 없는 경우는 분리과세한다."
1.1.038,1. 금융상품 및 세제,1.1. 세제관련 법규/세무전략,"금융소득 2천만 원까지는 원천징수로서 납세의무가 종결되는데 이를 ( ) 원천징수라고 하고, 2천만 원 초과분에 대해서는 종합소득에 합산하여 종합과세하며 이때 지급 시 징수한 원천징수세액을 결정세액에서 차감하게 되는데 이를 ( ) 원천징수라 한다.","완납적, 예납적"
1.1.039,1. 금융상품 및 세제,1.1. 세제관련 법규/세무전략,원천징수의무자는 원천징수한 세액을 다음 달 ( )까지 관할세무서에 납부하여야 한다.,10일
1.1.040,1. 금융상품 및 세제,1.1. 세제관련 법규/세무전략,"원천징수세율은 비영업대금의 이익의 경우 ( ), 저축성외의 초과반환금의 경우 기본세율, 출자공동사업자의 배당소득의 경우 ( ), 법원에 납부한 보증금 및 경매대금에서 발생하는 이자소득의 경우 ( )이다.",25% / 25% / 14%(지방세 제외 기준) → 원천징수세율이 가장 높은 것은 '비실명거래'로 인한 금융소득45% 또는 90%이다.
1.1.041,1. 금융상품 및 세제,1.1. 세제관련 법규/세무전략,"분리과세를 신청한 장기채권의 이자와 할인액은 ( ), 법원보관금의 이자는 ( ), 직장공제회 초과반환금은 ( )의 분리과세율로 과세하고 납세의무를 종결한다.","30%, 14%, 기본세율 → 기본세율은 과세표준 구간별로 6%에서 45%로 과세하는 것을 말한다."
1.1.042,1. 금융상품 및 세제,1.1. 세제관련 법규/세무전략,연간 ( ) 이하의 기타소득은 분리과세로서 납세의무를 종결할 수 있다.,300만 원 → 300만 원 이하 기타소득은 선택적 분리과세대상이다(총수입금액-필요경비).
1.1.043,1. 금융상품 및 세제,1.1. 세제관련 법규/세무전략,"×/∘ 조세조약이 체결된 국가의 비거주자의 경우, 국내에 고정사업장이 있거나 부동산임대사업소득이 있고 당해 비거주자의 금융소득이 이와 인과관계 경우가 금융소득이 2천만 원을 초과하지 않아도 종합세한다.","× →국내사업장이나 부동산임대사업소득에 귀속되거나, 있더라도 금융소득과 연관이 없는 경우는 분리과세한다."
1.1.044,1. 금융상품 및 세제,1.1. 세제관련 법규/세무전략,"국내사업장이 없는 비거주자나 외국법인에게 이자소득 등의 투자소득을 지급할 경우에는(조세조약이 체결된 것으로 가정), 제한세율과 우리나라 소득세법상의 원천징수세율 중 (높은 / 낮은) 세율을 적용하여 과세한다.",낮은 → 조세조약이 체결되지 않은 국가의 비거주자인 경우는 법정원천징수세율로 과세한다(제한분리과세).
1.1.045,1. 금융상품 및 세제,1.1. 세제관련 법규/세무전략,"비거주자가 유가증권매매로 양도소득을 얻은 경우에(국내원천소득 중 '유가증권양도소득'을 말하며, 취득가액과 양도비용이 확인되는 것으로 가정함), 양도가액의 ( )와 양도차익의 ( ) 중 적은 금액으로 과세한다.",10% / 20%
1.1.046,1. 금융상품 및 세제,1.1. 세제관련 법규/세무전략,"×/∘ 파생상품의 경우, '국내사업장이 없는 비거주자의 장내파생상품 소득'과 '위험회피목적거래를 통한 비거주자의 장외파생상품 소득'은 국내원천소득으로 보지 않는다.","∘ → 즉, 비거주자(비외국인)의 경우 국내원천소득이 아니면 비과세."
1.1.047,1. 금융상품 및 세제,1.1. 세제관련 법규/세무전략,"양도소득세는 열거주의로 과세하는데, 열거된 양도소득세의 과세대상 자산으로는 부동산, 주식, 회원권, 사업용 고정자산과 함께 양도하는 ( ) 등이 있다.",영업권
1.1.048,1. 금융상품 및 세제,1.1. 세제관련 법규/세무전략,"×/∘ 소득세법상 '양도'라 함은 등기·등록에 관계없이 자산에 대한 등기이전을 수반하는 유상이전을 말하며, 유상이전의 형태는 매도·교환·현물출자는 물론이고 대물변제나 공동소유물 분할도 포함한다.",× → 등기·등록에 관계없이 자산의 실질적 유상이전을 뜻함.
1.1.049,1. 금융상품 및 세제,1.1. 세제관련 법규/세무전략,주권상장법인 주식의 양도소득은 장내거래에 대해서는 세법상 대주주에 한하여 과세하며 장외거래에 대해서는 대주주·소액주주 구분 없이 과세한다.,∘ → 소액주주의 상장주식 장내거래 양도소득은 비과세로서 배제된다.
1.1.050,1. 금융상품 및 세제,1.1. 세제관련 법규/세무전략,"×/∘ 파생상품 등(코스피200을 기준자산으로 하는 선물, 옵션, ELW)에 대해서는 2024년 현재 탄력세율 (5% / 10%)로 과세하고 있다.",∘ → 기본세율은 20%이지만 2016년부터 한시적으로 탄력세율 10%를 적용하고 있다.
1.1.051,1. 금융상품 및 세제,1.1. 세제관련 법규/세무전략,×/∘ 부동산임대업에 대한 매매차익은 양도소득세의 과세대상이 된다.,"× → 양도소득세의 과세대상이 되는 유산거래는 물권자산으로서의 자산을 매매할 때, 부동산임대업은 '동기권'에 한하여 물권으로 인정이 된다."
1.1.052,1. 금융상품 및 세제,1.1. 세제관련 법규/세무전략,"양도가액에서 ( )를 빼면 양도차익이 되고, 양도차익에서 ( )를 빼면 양도소득금액이 되며, 양도소득금액에서 ( )를 빼면 ( )이 된다.","필요경비, 장기보유특별공제, 양도소득기본공제, 양도소득과세표준"
1.1.053,1. 금융상품 및 세제,1.1. 세제관련 법규/세무전략,"양도의 실지거래가액을 확인할 수 없는 경우 ( ), ( ), ( )를 순차적으로 적용하여 양도가액을 추계한다.","매매사례가액, 감정가액, 환산가액, 기준시가 → 매, 감, 환, 기로 암기"
1.1.054,1. 금융상품 및 세제,1.1. 세제관련 법규/세무전략,"양도소득이 있는 거주자에 대하여 당해 연도의 양도소득금액에서 ( ), ( ), ( )별로 각각 연 250만 원을 공제한다.","부동산등, 주식, 파생상품 → 양도소득기본공제를 말한다(즉, 파, 표 암기)."
1.1.055,1. 금융상품 및 세제,1.1. 세제관련 법규/세무전략,"×/∘ 비상장주식을 매매하여 양도차익이 발생한 경우 양도소득세가 과세되며, 이때 증권거래세는 필요경비로 인정된다.",∘ → 비상장주식은 양도소득세 과세대상에 해당하는 필요경비로 인정됨.
1.1.056,1. 금융상품 및 세제,1.1. 세제관련 법규/세무전략,×/∘ 세법상 대주주가 3년 이상 보유한 상장주식을 양도하여 양도차익이 발생한 경우 장기보유특별공제가 적용된다.,"× → 장기보유특별공제는 3년 이상 보유한 '토지 및 건물(조합원입주권 포함)'과 '비사업용 토지 제외', 1세대 1주택에 대해서만 적용한다."
1.1.057,1. 금융상품 및 세제,1.1. 세제관련 법규/세무전략,×/∘ 채권의 매매가 확정되는 때에도 증권거래세가 부과된다.,× → 증권거래세는 주권의 유상양도 시 부과되므로 채권거래나 상속·증여 시에는 부과되지 않는다.
1.1.058,1. 금융상품 및 세제,1.1. 세제관련 법규/세무전략,"장내거래나 금융투자협회를 통해서 주식을 매매하는 경우에는 ( )이, 금융투자회사를 통해서 주식을 매매하는 경우에는 ( )가 증권거래세의 납세의무자가 되며, 개인 간 거래를 하는 경우에는 ( )이 증권거래세의 납세의무자가 된다.","예탁결제원 / 금융투자회사 / 양도인(단, 양도인이 비거주자인 경우 양수인에게 과세)"
1.1.059,1. 금융상품 및 세제,1.1. 세제관련 법규/세무전략,×/∘ 뉴욕 증권거래소에 상장된 주식을 양도할 경우 증권거래세가 부과되지 않는다.,"∘ → 증권거래세는 주권의 유상양도에 대해서 부과되는데, 해외거래소에서의 상장주식 매매에 대해서는 부과되지 않는다."
1.1.060,1. 금융상품 및 세제,1.1. 세제관련 법규/세무전략,×/∘ 비거주자인 외국인투자자가 국내 증권시장 장내에서 상장된 주권을 양도할 경우 증권거래세가 부과되지 않는다.,"× → 국내 증권시장에서 양도하는 경우는 거주자·비거주자 구분 없이 증권거래세가 과세된다(외국인투자시장 0.05%, 코스닥 0.20%, 코넥스 0.10%)."
1.1.061,1. 금융상품 및 세제,1.1. 세제관련 법규/세무전략,×/∘ 주권을 목적으로 하는 소비대차의 경우 증권거래세를 부과하지 않는다.,∘ → '발급' 주권을 통한 대물변제는 주권의 유상양도가 되어 증권거래세가 과세된다.
1.1.062,1. 금융상품 및 세제,1.1. 세제관련 법규/세무전략,"2024년 현재 증권거래세의 기본세율은 ( )이며, 유가증권시장(은 ( ), 코스닥시장은 ( ) ) 과세하고 있다.","0.35% / 0.03% / 0.18% → 24년 증권거래세 개정사항 : 유가증권시장 0.03% → 0.03%, 코스닥시장 0.20% → 0.18%(기본세율 0.35%, 코넥스 시장 0.10% 등 나란히 저하되는 동일)"
1.1.063,1. 금융상품 및 세제,1.1. 세제관련 법규/세무전략,×/∘ 코넥스시장에서 거래하는 주권에 대해서는 증권거래세가 부과되지 않는다.,× → 코넥스시장의 증권거래세율은 0.10%이다(기본세율은 0.35%).
1.1.064,1. 금융상품 및 세제,1.1. 세제관련 법규/세무전략,"국내 사업장을 가지고 있지 아니한 비거주자(외국법인 포함)가 주권을 금융투자업자를 통하지 않고 거주자에게 양도한 경우, 증권거래세의 납세의무자는 (양도인 / 양수인)이다.",양수인 → 국내사업장이 없는 비거주자 또는 외국법인이 양도 시 → 해외원천징수의무자 부과)
1.1.065,1. 금융상품 및 세제,1.1. 세제관련 법규/세무전략,우리나라는 현재 금융소득종합과세 부과 시 (부부합산제 / 부부별산제)를 적용한다.,부부별산제(2002.8.29부터)
1.1.066,1. 금융상품 및 세제,1.1. 세제관련 법규/세무전략,"증여재산공제 한도는 성인자녀의 경우 10년간 ( ), 미성년자녀의 경우 10년간 ( )이다.","5천만 원, 2천만 원"
1.1.067,1. 금융상품 및 세제,1.1. 세제관련 법규/세무전략,"×/∘ 아버지로부터 2억 원, 할아버지로부터 2억 원을 증여받는 경우에는 세대생략할증과세율이 적용되므로 아는 아버지로부터 4억 원을 증여받는 것에 비해 불리하다.","× → 세대생략할증세율이 적용되어도 누진세율의 형태세과가 더 크기 때문에 유리하며, 증여세를 여럿으로 나눌수록 유리함."
1.1.068,1. 금융상품 및 세제,1.1. 세제관련 법규/세무전략,×/∘ 장기보유대상인 자산의 경우 고평가된 상태에서 증여하는 것이 저평가된 상태에서 증여하는 것보다 유리하다.,× → 저평가 상태에서 증여하는 것이 유리하다(증여재산 감소 → 증여세 절감).
1.2.001,1. 금융상품 및 세제,1.2. 금융상품,"특수은행에는 ( ), ( ), ( ), ( )가 있다.","한국산업은행, 한국수출입은행, 중소기업은행, 농업협동조합, 수산업협동조합"
1.2.002,1. 금융상품 및 세제,1.2. 금융상품,"비은행예금취급기관에는 ( ), 신용협동기구, 우체국예금이 있다.",상호저축은행
1.2.003,1. 금융상품 및 세제,1.2. 금융상품,영세상공인과 서민의 금융편의와 저축증대를 목적으로 일정지역을 대상으로 예금 및 대출업무를 영위하는 서민금융기관은 (상호저축은행 / 신용협동기구)이다.,"상호저축은행

(* 서민금융기관에는 상호저축은행과 신용협동기구가 있다.)"
1.2.004,1. 금융상품 및 세제,1.2. 금융상품,[O X] ISA는 전 금융기관을 통틀어 1인 1계좌만 가능하므로 '신탁형/일임형/중개형' 중 하나를 선택하여 가입해야 한다.,"O

(* 중복가입 불가. ISA중개형은 2021년에 신설됨)"
1.2.005,1. 금융상품 및 세제,1.2. 금융상품,[O X] 직전 3개년 중 1회 이상 금융소득종합과세 대상이 된 경우는 ISA가입이 불가하다.,O
1.2.006,1. 금융상품 및 세제,1.2. 금융상품,"[O X] ISA유형 중 서민형이 되기 위해서는 총급여 5,000만 원 이하 또는 종합소득 3,800만 원 이하와 '직전 3개년도 중 1회 이상 금융소득종합과세 대상자가 아닌 자'의 요건을 동시에 충족해야 한다.",O
1.2.007,1. 금융상품 및 세제,1.2. 금융상품,ISA유형 중 서민형과 농어민형의 경우 통산순이익 기준 ( )까지 비과세혜택을 받으며 비과세한도를 초과하는 금액에 대해서는 ( )의 분리과세를 적용한다.,"400만 원, 9.9%(지방세 포함)

(* 일반형은 200만 원, 9.9%이다.)"
1.2.008,1. 금융상품 및 세제,1.2. 금융상품,국내상장주식을 편입할 수 있는 ISA유형은 ( )이 유일하다.,"중개형

(* 단, 중개형은 신탁형과 일임형과는 달리 예금은 편입할 수 없다.)"
1.2.009,1. 금융상품 및 세제,1.2. 금융상품,금융회사가 가입자의 위험성향과 자금운용목표를 고려하여 제시하는 모델포트폴리오 중에서 하나를 선택하여 운용하는 방식은 (중개형 / 신탁형 / 일임형) ISA이다.,"일임형

(* 중개형과 신탁형은 편입상품을 가입자가 직접 선택하게 되지만, 일임형은 금융회사가 제시한 모델포트폴리오 중에서 선택하여 운용한다.)"
1.2.010,1. 금융상품 및 세제,1.2. 금융상품,[O X] 비과세종합저축은 만 19세 이상의 거주자이면 누구나 가입이 가능하다.,"X

(* 비과세종합저축은 과거 '생계형 비과세저축'을 대체한 상품으로서 만 65세 이상 거주자, 그리고 독립유공자·기초생활수급자 등이 가입할 수 있다.)"
1.2.011,1. 금융상품 및 세제,1.2. 금융상품,"( )은 인출이 자유로운 대신 저축성예금에 비해 이율이 낮은 것이 특징이며, 보통예금·당좌예금·가계당좌예금 등이 해당된다.","요구불예금

(* 이에 반해 저축성예금(거치식/적립식)으로 나눔은 일정기간 돈을 회수하지 않을 것을 약속하므로 요구불예금보다는 높은 이자를 지급한다.)"
1.2.012,1. 금융상품 및 세제,1.2. 금융상품,"수시입출식예금에는 ( ), ( ), ( )가 있다.","보통예금, 저축예금, MMDA

(* 금융권의 수시입출식 상품에는 MMF와 CMA 등이 있다.)"
1.2.013,1. 금융상품 및 세제,1.2. 금융상품,"양도성예금증서(CD)는 (기명식 / 무기명식), (복리식 / 할인식), (중도해지가능 / 중도해지불가능) 상품이다.","무기명식 - 할인식 - 중도해지불가능

(* 무기명·할인식이며, 만기가 짧아 중도해지가 안 되지만 환금성이 높은 편이라서 시장에서 매도 가능)"
1.2.014,1. 금융상품 및 세제,1.2. 금융상품,( )는 일정기간 경과 후에 사전에 정해진 매매가액으로 환매를 다시 매수하거나 다시 매도할 것을 조건으로 한 채권매매방식을 말한다.,"환매조건부채권 매매(RP)

(* Repurchase Agreement의 약자)"
1.2.015,1. 금융상품 및 세제,1.2. 금융상품,[O X] RP는 예금자보호가 안되므로 안전성이 낮다는 것이 단점이다.,"X

(* 예금자보호는 안되지만 국공채를 대상으로 하므로 안전성이 매우 높은 상품이다.)"
1.2.016,1. 금융상품 및 세제,1.2. 금융상품,[O X] 표지어음 투자할 경우 투자자는 시장위험 뿐 아니라 발행사의 신용위험에 노출된다.,"O

(* 발행사인 증권사가 지급 불능 시 원금손실이 가능하다.)"
1.2.017,1. 금융상품 및 세제,1.2. 금융상품,[O X] ELS는 사모발행을 할 수 없다.,"X

(* ELS는 공모, 사모발행 모두 가능하다.)"
1.2.018,1. 금융상품 및 세제,1.2. 금융상품,"[O X] ELS는 자본시장법상 파생결합증권이며, 장외파생상품의 겸영인가를 받은 증권회사만이 발행할 수 있다.","O

(* 파생결합증권(ELS, DLS)의 발행자격: 영업용순자본비율 300% 이상으로서, 장외파생상품에 대한 영업인가를 받은 투자매매업자)"
1.2.019,1. 금융상품 및 세제,1.2. 금융상품,ELW는 (증권사 / 자산운용사)가 발행하며 중도매각가 (가능 / 불가능)하다.,"증권사, 가능

(* ELS는 중도해지가 용이하지 않지만, ELW의 장점은 만기 이전 중도매각이 자유롭다.)"
1.2.020,1. 금융상품 및 세제,1.2. 금융상품,"ELD, ELS, ELF 중에서 절대 원금보전이 불가능한 것은 ( )이며, 유일하게 예금자보호가 되는 것은 ( )이다.","ELF / ELD

(* ELF는 펀드상품이므로 원금보장상태가 불가하다. ELS는 원금보장설계가 가능하나, 예금자보호는 은행상품인 ELD만 가능하다.)"
1.2.021,1. 금융상품 및 세제,1.2. 금융상품,"원금보장형 ELS를 ( )라 하며, 자본시장법상 채무증권으로 분류된다.","ELB(파생결합사채)

(* 비교하여, ELS는 자본시장법상 파생결합증권으로 분류된다.)"
1.2.022,1. 금융상품 및 세제,1.2. 금융상품,"투자기간 중 사전에 정해둔 주가수준에 도달하면 확정된 수익으로 조기 상환되며, 그 외의 경우에는 만기 시 주가에 따라 수익이 결정되는 ELS 유형은 ( )이다.","Knock-Out형

(* 수익구조에 따라 Knock-out, Bull Spread, Digital, Reverse Convertible의 4가지 유형이 있다.)"
1.2.023,1. 금융상품 및 세제,1.2. 금융상품,낙인(Knock-in)이 발생하지 않은 상태에서 3~6개월 마다 주가가 일정수준 이상인 경우 특정수익률로 자동 조기상환되는 ELS 유형은 ( )형이다.,"스텝다운(step-down)

(* 기간이 경과할수록 조기상환요건이 완화(step-down)된다고 하여 스텝다운형이라 한다. 37쪽 기출)"
1.2.024,1. 금융상품 및 세제,1.2. 금융상품,[O X] 신탁은 유언으로는 설정할 수 없다.,"X

(* 신탁은 위탁자와 수탁자 간의 신탁계약 또는 위탁자의 유언으로 설정할 수 있다.)"
1.2.025,1. 금융상품 및 세제,1.2. 금융상품,"$\times$/$\circ$ 신탁재산의 독립성에 의해, 수탁자의 파산재단에 편입될 수 없으며 수탁자의 상속인이 상속할 수도 없다.",$\circ$ $\rightarrow$ 수탁자는 자기재산과 차별하여 원칙적으로 위탁자의 지위를 동시에 겸할 수 없다.
1.2.026,1. 금융상품 및 세제,1.2. 금융상품,$\times$/$\circ$ 금전신탁에서 수탁자는 위탁자 또는 수익자를 겸할 수 있다.,"$\times$ $\rightarrow$ 운용대상, 운용방법, 운용조건 · 특정금전신탁은 투자자가 직접 운용대상·방법 등을 특정하는 신탁이다(운용자는 지불불가)."
1.2.027,1. 금융상품 및 세제,1.2. 금융상품,"특정금전신탁은 투자자가 자신이 투자의 동의 ( ), ( ), ( ) 등을 은행(수탁자)에게 지시하고, 은행은 그 지시대로 운용하고 배당하는 상품이다.",연령 별로 '5.5%~3.3%'로 차등과세(늦게 수령할수록 유리함)
1.2.028,1. 금융상품 및 세제,1.2. 금융상품,$\times$/$\circ$ 연금 수령(연금수령한도 내) 시의 과세율은 수령 연령에 관계없이 동일하다.,$\times$ $\rightarrow$ 무조건 '부득이한 사유(회사·폐업·해외이주) 시에는 세율5%~3.7%의 분리과세를 적용한다.
1.2.029,1. 금융상품 및 세제,1.2. 금융상품,$\times$/$\circ$ 가입자의 해외이주 등을 사유로 '연금 외 수령' 시에는 기타소득세(16.5%)가 부과된다.,"코스피200지수, 코스피150지수, KRX300지수, 항셍지수 · 이외로는 '코스닥200 및 코스닥150 구성종목과 그 바스켓'이 기초자산이 될 수 있다."
1.2.030,1. 금융상품 및 세제,1.2. 금융상품,"상장요건으로서 ELW의 기초자산이 될 수 있는 주가지수는 국내지수로는 ( ), ( )가 있고, 해외지수로는 ( ), ( )가 있다.",$\times$ $\rightarrow$ ELW는 현물이 아니므로 배당소득이 없으며 의결권도 없다.
1.2.031,1. 금융상품 및 세제,1.2. 금융상품,"(콜 ELW / 풋 ELW)를 매수할 경우 현물매수에 대한 헤지가 가능하며, 공매도 효과를 얻을 수 있다.",풋 ELW
1.2.032,1. 금융상품 및 세제,1.2. 금융상품,$\times$/$\circ$ ELW를 보유하고 있으면 자본소득 외에 배당소득도 얻을 수 있다.,"$\times$ $\rightarrow$ 만기에 근접할수록 시간가치가 소멸하므로 콜 ELW, 풋 ELW 모두 가격이 하락한다."
1.2.033,1. 금융상품 및 세제,1.2. 금융상품,ELW의 패리티가 100%를 초과할 경우 (내가격 / 외가격) 상태에 있음을 말한다.,내가격(In the Money)
1.2.034,1. 금융상품 및 세제,1.2. 금융상품,"$\times$/$\circ$ 잔존기간을 가격결정요인으로 할 때, 만기에 근접할수록 풋 ELW의 가격은 상승한다.","$\times$ $\rightarrow$ 만기에 근접할수록 시간가치가 소멸하므로 콜 ELW, 풋 ELW 모두 가격이 하락한다."
1.2.035,1. 금융상품 및 세제,1.2. 금융상품,$\times$/$\circ$ 기초자산가격이 상승하면 콜 ELW 가격은 상승한다.,"$\circ$ $\rightarrow$ 기초자산가격↑ : 행사가격에 대해서는 $V_{콜ELW} = S - X$를 적용하면 된다(단, 풋 ELW는 반대)."
1.2.036,1. 금융상품 및 세제,1.2. 금융상품,"( )의 매매수량단위는 10증권이고 지정가주문만 가능하며, 높은 거래비용을 고려하여 가격제한폭을 두지 않는다.",ELW
1.2.037,1. 금융상품 및 세제,1.2. 금융상품,"랩어카운트는 (거래 건 별로 / 잔고평가금액의 일정비율로) 랩수수료를 부과함으로써, 회사와 고객 간의 이해상충이 적게 발생하는 장점이 있다.",잔고평가금액의 일정비율로
1.2.038,1. 금융상품 및 세제,1.2. 금융상품,"외화예금, 표지어음, 기업어음, 종금형CMA, 위탁자예수금, 선물옵션거래예수금 중에서 예금자보호가 되지 않는 것은 ( ), ( )이다.","기업어음, 선물옵션거래예수금"
1.2.039,1. 금융상품 및 세제,1.2. 금융상품,"생명보험의 영업보험료는 ( ), ( ), ( )의 합에 의해 산출된다.","예정위험률, 예정이율, 예정사업비율"
1.2.040,1. 금융상품 및 세제,1.2. 금융상품,2인 이상을 피보험자로 하는 보험을 (연생보험 / 단체취급보험 / 단체보험)이라 한다.,연생보험
1.2.041,1. 금융상품 및 세제,1.2. 금융상품,$\times$/$\circ$ 종신보험은 보험약관에 따라 사전에 설정한 기간 내에 피보험자가 사망할 경우 사망보험금을 지급한다.,$\times$ $\rightarrow$ 종신보험은 보험기간이 종신이므로 사망시점과 관계없이 보험금을 지급한다.
1.2.042,1. 금융상품 및 세제,1.2. 금융상품,물가상승만큼 보험금을 증가시키는 보험에 가입하려면 (체증식보험 / 체감식보험)에 가입하면 된다.,체증식보험
1.2.043,1. 금융상품 및 세제,1.2. 금융상품,$\times$/$\circ$ 제3보험은 기간이 경과함에 따라 보험료가 증가하는 보험이다.,$\times$ $\rightarrow$ 보험금이 증가한다.
1.2.044,1. 금융상품 및 세제,1.2. 금융상품,"손해보험은 (인보험 / 물보험)이며, (정액보상 / 실손보상)이다.","물보험, 실손보상"
1.2.045,1. 금융상품 및 세제,1.2. 금융상품,"(화재보험, 생명보험, 자동차보험, 해상보험) 중에서 손해보험이 아닌 것은 ( )이다.",생명보험
1.2.046,1. 금융상품 및 세제,1.2. 금융상품,"생명보험과 장기손해보험의 보험료는 순보험료와 부가보험료로 구분되며, 부가보험료는 ( ), ( ), ( )로 구성된다.","신계약비, 유지비, 수선비 $\rightarrow$ '순보험료 = 위험보험료 + 저축보험료'이다."
1.2.047,1. 금융상품 및 세제,1.2. 금융상품,$\times$/$\circ$ 집합투자 정의상 펀드의 운용대상은 49인 이상에게 투자권유를 하여 모은 금전 등이어야 한다.,$\times$ $\rightarrow$ 49인 이상 $\rightarrow$ 2인 이상
1.2.048,1. 금융상품 및 세제,1.2. 금융상품,$\times$/$\circ$ 집합투자재산은 투자자별로 운용해야 한다.,$\times$ $\rightarrow$ 모아서 펀드재산으로 운용한다.
1.2.049,1. 금융상품 및 세제,1.2. 금융상품,"주된 투자대상에 따른 집합투자기구는 ( ), ( ), ( ), ( ), ( )의 5가지로 분류된다.","증권, 부동산, 특별자산, 혼합자산, 단기금융"
1.2.050,1. 금융상품 및 세제,1.2. 금융상품,"특수한 형태에 따른 집합투자기구는 '( )', '( )', '( )', '( )', '( )' 집합투자기구의 5가지로 분류된다.","환매금지형, 종류형, 전환형, 모자형, 상장지수형"
1.2.051,1. 금융상품 및 세제,1.2. 금융상품,"투자신탁의 3면 관계에서, 펀드를 설정·설립하고 투자자로부터 모은 금전 등을 수탁자에게 운용지시하는 자는 ( )이다.",위탁자
1.2.052,1. 금융상품 및 세제,1.2. 금융상품,$\times$/$\circ$ 투자신탁을 설정한 집합투자업자는 투자신탁의 수익권을 균등하게 분할하여 수익증권으로 표시하여야 한다.,$\circ$
1.2.053,1. 금융상품 및 세제,1.2. 금융상품,"$\times$/$\circ$ 투자신탁의 수익증권은 무액면·기명식으로, 투자회사의 주식은 액면·기명식으로 발행한다.","$\times$ $\rightarrow$ 투자신탁, 투자회사 모두 '무액면/기명식'으로 발행한다."
1.2.054,1. 금융상품 및 세제,1.2. 금융상품,$\times$/$\circ$ 투자신탁의 수익증권과 투자회사의 주식은 모두 예탁결제원을 명의인으로 하여 발행해야 한다.,$\circ$
1.2.055,1. 금융상품 및 세제,1.2. 금융상품,투자회사는 1인의 ( )와 2인 이상의 ( )로 구성된다.,법인이사 / 감독이사
1.2.056,1. 금융상품 및 세제,1.2. 금융상품,"공모형 집합투자기구의 7가지 형태 중에서, 설립 시 발기인을 반드시 필요로 하는 형태는 ( )이다.",투자회사 $\rightarrow$ 발기인은 주식의 총수를 인수하고 그 인수가액을 납입하여 이사를 선임한다.
1.2.057,1. 금융상품 및 세제,1.2. 금융상품,투자신탁의 수익자총회를 소집 시에는 총회 ( ) 전에 서면 또는 이메일로 통지해야 한다.,"2주 $\rightarrow$ 소집권자 : 원칙-집합투자업자, 예외-신탁업자, 5% 이상 보유한 수익자"
1.2.058,1. 금융상품 및 세제,1.2. 금융상품,자본시장법상의 집합투자기구 5가지 종류에서 자산별 투자비중의 제한을 받지 않는 집합투자기구를 ( )라 한다.,혼합자산집합투자기구
1.2.059,1. 금융상품 및 세제,1.2. 금융상품,"MMF는 남은 만기가 ( ) 이내인 CD, 남은 만기가 ( ) 이내인 국채, 남은 만기가 ( ) 이내인 지방채, 특수채에 투자할 수 있다.","6개월, 5년, 1년 $\rightarrow$ 그리고 위와 같은 MMF의 법령상 투자대상은 모두 원화표시 자산이어야 한다(외화자산에는 투자불가)."
1.2.060,1. 금융상품 및 세제,1.2. 금융상품,$\times$/$\circ$ MMF는 다른 MMF에 투자할 수 없다.,$\times$ $\rightarrow$ 다른 MMF에 투자할 수 있다.
1.2.061,1. 금융상품 및 세제,1.2. 금융상품,$\times$/$\circ$ MMF는 주식형펀드나 채권형펀드의 집합투자증권에 투자할 수 있다.,$\times$ $\rightarrow$ MMF가 타 집합투자증권을 취득할 수 있는 것은 다른 MMF의 집합투자증권이 유일하다(안전한 운용을 위함).
1.2.062,1. 금융상품 및 세제,1.2. 금융상품,MMF는 펀드재산의 ( ) 이상을 채무증권에 투자해야 한다.,40%
1.2.063,1. 금융상품 및 세제,1.2. 금융상품,"MMF가 개별 채무증권에 투자할 경우 최상위등급(AAA)에 ( ), 차상위등급(AA)에는 ( )를 한도로 투자할 수 있다.","5%, 2% $\rightarrow$ 그리고 보유중인 개별채무증권의 신용등급이 각각 상위 2개 등급에 미달하는 경우에는 해당 채무증권을 처분해야 한다."
1.2.064,1. 금융상품 및 세제,1.2. 금융상품,$\times$/$\circ$ MMF가 운용 중인 채무증권의 신용등급이 상위 2개 등급에 미달할 경우 지체 없이 해당 채무증권의 비중을 축소해야 한다.,$\times$ $\rightarrow$ 비중축소가 아니라 당해 채무증권을 처분해야 한다!(참고: AAA에서 AA로 등급 하락 시에는 비중축소).
1.2.065,1. 금융상품 및 세제,1.2. 금융상품,"$\times$/$\circ$ MMF의 운용대상으로서 국채의 만기는 1년 이상 5년 이내이어야 하며 지방채의 만기는 1년 이하이어야 한다. 단, 환매조건부매수의 대상이 될 경우는 만기제한을 받지 않는다.","$\circ$ $\rightarrow$ 환매조건부채권(RP) 자체의 만기가 설정되므로(단기), 국채나 지방채에 투자하는 경우 별도의 만기제한을 받지 않는다."
1.2.066,1. 금융상품 및 세제,1.2. 금융상품,MMF는 보유하고 있는 증권총액의 ( )를 한도로 환매조건부 매도를 할 수 있다.,"5% $\rightarrow$ 비교하여, 일반펀드의 경우 50%까지 RP매도가 가능하다."
1.2.067,1. 금융상품 및 세제,1.2. 금융상품,$\times$/$\circ$ MMF는 증권을 대여하거나 차입하는 방법으로 운용할 수 없다.,$\circ$ $\rightarrow$ MMF는 안정적 운용차원에서 증권의 차입과 대여는 금지된다.
1.2.068,1. 금융상품 및 세제,1.2. 금융상품,"특수한 형태의 집합투자기구는 ( ), ( ), ( ), ( ), ( )의 5가지 유형이 있다.","환매금지형, 종류형, 전환형, 모자형, 상장지수형(ETF)"
1.2.069,1. 금융상품 및 세제,1.2. 금융상품,시장성이 없는 자산에 (10% / 20%)를 초과하여 투자할 경우 환매금지형 집합투자기구로 설정해야 한다.,20% $\rightarrow$ 10%는 환매연기사유에 해당한다.
1.2.070,1. 금융상품 및 세제,1.2. 금융상품,환매금지형 집합투자기구를 설정할 경우에는 집합투자증권을 최초로 발행한 날로부터 ( ) 이내에 증권시장에 상장해야 한다.,90일 $\rightarrow$ 참고로 ETF는 30일 내 상장이다.
1.2.071,1. 금융상품 및 세제,1.2. 금융상품,"$\times$/$\circ$ 종류형펀드에서 판매수수료 체계는 서로 다르지만 운용보수, 신탁보수 등은 반드시 동일해야 한다.",$\circ$
1.2.072,1. 금융상품 및 세제,1.2. 금융상품,$\times$/$\circ$ 전환형 집합투자기구에서 전환을 청구한 투자자에게는 환매수수료를 징구하지 않는다.,$\circ$
1.2.073,1. 금융상품 및 세제,1.2. 금융상품,모자형 집합투자기구에서 공모대상은 (모펀드 / 자펀드)이다.,자펀드 $\rightarrow$ 이때 모펀드와 자펀드의 집합투자업자는 동일해야 한다.
1.2.074,1. 금융상품 및 세제,1.2. 금융상품,$\times$/$\circ$ 모자형집합투자기구는 모집합투자기구가 발행하는 집합투자증권을 자집합투자기구가 취득하는 형태를 말한다.,"$\circ$ $\rightarrow$ 투자자는 공모대상인 자펀드에 투자하고, 자펀드는 모펀드에 투자하는 형태이다."
1.2.075,1. 금융상품 및 세제,1.2. 금융상품,"ETF는 동일종목에 대해서는 자산총액의 ( )까지, 동일법인이 발행한 지분증권에 대해서는 자본증권 총수의 ( )까지 투자가 가능하다.","30%, 20%"
1.2.076,1. 금융상품 및 세제,1.2. 금융상품,ETF가 상장폐지될 경우 ( ) 내로 해지하고 해지 후 7일 내로 금융위원회에 신고해야 한다.,10일
1.2.077,1. 금융상품 및 세제,1.2. 금융상품,펀드재산의 ( )를 초과하여 시장성 없는 자산에 투자하거나 ( )를 초과하여 외화자산에 투자하는 경우에는 환매를 연기할 수 있다.,"10%, 50% $\rightarrow$ 이 경우 환매기일을 15일(상장환매기일)을 초과하는 날로 정할 수 있다."
1.2.078,1. 금융상품 및 세제,1.2. 금융상품,"환매가 연기된 경우 ( ) 이내에 총회에서 환매연기를 결의해야 하며, 환매연기라 함은 환매연기일에 해당하는 ( )을 초과하여 환매를 할 수 있다는 것을 의미한다.",6주 / 15일
1.2.079,1. 금융상품 및 세제,1.2. 금융상품,투자자가 펀드를 환매하고자 할 경우 (집합투자업자 / 판매업자)에게 환매를 청구한다.,판매업자 $\rightarrow$ 판매업자는 자본시장법상 '투자매매업자 또는 투자중개업자'로 분류된다.
1.2.080,1. 금융상품 및 세제,1.2. 금융상품,"펀드는 시가평가가 원칙이지만 MMF는 장부가평가가 가능하다. 단, 장부가평가 시 장부가와 시가(또는 공정가액)와의 차이가 ( )를 초과할 경우는 집합투자규약에서 정하는 조치를 취해야 한다.","1,000분의 5"
1.2.081,1. 금융상품 및 세제,1.2. 금융상품,$\times$/$\circ$ 집합투자기구의 기준가격과 과세기준가격은 동일해야 한다.,$\times$ $\rightarrow$ 주식의 매매차익이나 평가차익이 있을 경우 다르다.
1.2.082,1. 금융상품 및 세제,1.2. 금융상품,$\times$/$\circ$ 주식의 매매차익이나 평가차익이 있을 경우 '기준가격 > 과세기준가격'이다.,"$\circ$ $\rightarrow$ 주식매매차익은 과표에 산입되지 않으므로 과세기준가격이 더 낮다(+, 기 > 과 로 암기)."
1.2.083,1. 금융상품 및 세제,1.2. 금융상품,집합투자업자가 산정한 기준가격의 적정성 여부를 판단하는 주체는 ( )이다.,신탁업자 $\rightarrow$ 집합투자업자 산정 기준가격과 신탁업자 산정 기준가격의 편차가 1천분의 3 이내인 경우는 그 기준가격이 적정하게 산정된 것으로 간주한다.
1.2.084,1. 금융상품 및 세제,1.2. 금융상품,"집합투자기구는 이익금의 분배를 유보할 수 있는데, ( )의 경우 유보가 불가하다.",MMF
1.2.085,1. 금융상품 및 세제,1.2. 금융상품,"집합투자기구는 이익금을 초과하여 분배를 할 수 있는데, ( )의 경우 순자산액에서 최저순자산액을 뺀 금액을 초과하는 분배는 할 수 없다.",투자회사
1.2.086,1. 금융상품 및 세제,1.2. 금융상품,"자산운용보고서는 ( )가 3개월에 1회 이상, 자산보관관리보고서는 ( )가 사유발생일로부터 2개월 이내에 투자자에게 제공해야 한다.",집합투자업자 / 신탁업자
1.2.087,1. 금융상품 및 세제,1.2. 금융상품,사모집합투자기구란 집합투자증권을 사모로만 발행하는 집합투자기구로서 투자자의 수가 ( ) 이하인 것을 말한다.,"100인 $\rightarrow$ 보통 일반사모펀드를 '헤지펀드'로, 기관전용사모펀드를 'PEF'로 부른다."
1.2.088,1. 금융상품 및 세제,1.2. 금융상품,자본시장법 개정(2021.10.21)으로 사모집합투자기구는 ( )와 기관전용 사모집합투자기구로 개편되었다.,"일반사모집합투자기구 $\rightarrow$ 보통 일반사모펀드를 '헤지펀드'로, 기관전용사모펀드를 'PEF'로 부른다."
1.2.089,1. 금융상품 및 세제,1.2. 금융상품,"( )의 업무로는 1) 투자회사, 주식의 발행 및 명의개서 2) 투자회사재산의 계산 3) 이사회나 주총의 소집 등이 있다.","일반사무관리회사 $\rightarrow$ 일반사무관리회사의 업무 : '발, 명, 계, 소'로 암기"
1.2.090,1. 금융상품 및 세제,1.2. 금융상품,"일반사무관리회사는 20억 원 이상의 자기자본, 2인 이상의 ( )을 갖추는 등의 요건을 갖추고 금융위원회에 등록해야 한다.",집합투자재산 계산전문인력
1.2.091,1. 금융상품 및 세제,1.2. 금융상품,"$\times$/$\circ$ 자산유동화증권(ABS) 발행에 있어서, 자산보유자는 보유하고 있는 유동화대상 자산을 양도하지 않고 관리하여 이로부터 발생하는 현금흐름을 바탕으로 SPC가 자산유동화증권을 발행한다.",$\times$ $\rightarrow$ ABS발행은 자산보유자가 기초자산을 SPC(유동화전문회사)에게 양도하는 것으로부터 시작된다.
1.2.092,1. 금융상품 및 세제,1.2. 금융상품,"$\times$/$\circ$ 부실채권, 세수, 공연수입, 무형자산 등도 자산유동화증권의 기초자산이 될 수 있다.","$\circ$ $\rightarrow$ 기업대출채권, 자동차할부채권 등이 일반적인 기초자산이지만 세수, 무형자산 등도 ABS의 기초자산이 될 수 있다."
1.2.093,1. 금융상품 및 세제,1.2. 금융상품,ABS의 기초자산이 되기 위해서는 자산집합(Pooling)이 가능하도록 ( )이 있어야 한다.,동질성
1.2.094,1. 금융상품 및 세제,1.2. 금융상품,부외효과가 있는 ABS는 (Pass-Through / Pay-Through)방식이다.,"패스스루(Pass-Through) $\rightarrow$ 패스스루는 SPC가 양도받은 자산을 바탕으로 유동화증권을 주식 형태로 발행하는 것으로서(지분이전형), 유동화와 관련한 모든 위험이 투자자에게 이전되어 부외효과가 발생한다."
1.2.095,1. 금융상품 및 세제,1.2. 금융상품,"ABS의 신용보강 중 외부보강에 해당하는 것은 ( ), ( )가 있다.","신용공여, 지급보증 $\rightarrow$ 상환순위결정, 초과스프레드, 예치금 등은 내부보강방식이다."
1.2.096,1. 금융상품 및 세제,1.2. 금융상품,"주택저당대출(Mortgage)상품은 주택저당대출을 위해 차입자의 신용평가, 담보물의 감정평가, 필요 시 담보물 실사 등 사무처리비용이 상대적으로 높은 (자본집약적 / 노동집약적) 자산이라 할 수 있다.",노동집약적
1.2.097,1. 금융상품 및 세제,1.2. 금융상품,"$\times$/$\circ$ 저당대출 중 원리금 균등상환 고정금리부 대출은 매월 동일한 원리금이 상환되는데, 매월 상환액 중 이자부분은 점차 증가하고 원금부분은 점차 감소한다.",$\times$ $\rightarrow$ 매월 상환액 중에서 이자부분은 점차 감소하고 원금부분은 점차 증가한다.
1.2.098,1. 금융상품 및 세제,1.2. 금융상품,$\times$/$\circ$ 주택저당증권(MBS)은 모기지와 기업매출채권 등을 기초자산으로 하는 자산유동화증권이다.,$\times$ $\rightarrow$ MBS는 ABS중에서 기초자산이 모기지(mortage)인 유동화증권을 말한다.
1.2.099,1. 금융상품 및 세제,1.2. 금융상품,$\times$/$\circ$ 주택저당증권(MBS)는 주택저당대출의 만기와 대응하므로 통상 단기로 발행된다.,$\times$ $\rightarrow$ 주택저당대출(모기지)이 장기이므로 통상 장기로 발행된다.
1.2.100,1. 금융상품 및 세제,1.2. 금융상품,발행기관이 모기지를 소유하는 형태로서 모기지의 부도위험을 발행자가 부담하는 MBS는 (저당대출지분인전증권 / 저당대출담보부채권)이다.,저당대출담보부채권(MBB) $\rightarrow$ 저당대출지분인전증권(pass through증권)은 부도위험을 투자자가 부담한다.
1.2.101,1. 금융상품 및 세제,1.2. 금융상품,(모기지 / 역모기지)의 대출 시 신청자의 미래상환능력 및 신청시점까지의 신용기록은 중요한 고려사항이다.,모기지
1.2.102,1. 금융상품 및 세제,1.2. 금융상품,(모기지 / 역모기지)의 대출 시 미래특정시점에서 예상되는 주택가치가 중요한 고려사항이다.,역모기지
1.2.103,1. 금융상품 및 세제,1.2. 금융상품,기업(사용자)이 부담하는 부담금이 사전에 고정된 것은 (DB형 / DC형)이다.,DC형
1.2.104,1. 금융상품 및 세제,1.2. 금융상품,장래의 퇴직급여수준이 연금계리에 의해 확정되는 것은 (DB형 / DC형)이다.,DB형
1.2.105,1. 금융상품 및 세제,1.2. 금융상품,"$\times$/$\circ$ 무주택자의 주택구입 등 대통령령으로 정하는 사유에 해당할 경우, 확정급여형의 경우 담보대출만 가능하며 확정기여형은 담보대출과 중도인출이 모두 가능하다.",$\circ$
1.2.106,1. 금융상품 및 세제,1.2. 금융상품,"$\times$/$\circ$ DB형(확정급여형), DC형(확정기여형) 연금가입자 모두 IRP에 가입하여 부담금을 추가로 납입할 수 있다.","$\circ$ $\rightarrow$ IRP를 통해 연간 1,800만 원까지 납입이 가능하다."
1.2.107,1. 금융상품 및 세제,1.2. 금융상품,$\times$/$\circ$ 개인형 퇴직연금제도(IRP)는 가입자가 퇴직하는 즉시 퇴직연금을 지급한다.,"$\times$ $\rightarrow$ DB형, DC형, IRP 모두 연금수령은 55세부터 가능하다."
1.3.001,1. 금융상품 및 세제,1.3. 부동산관련 상품,"부동산을 경제적, 법률적, 기술적인 다양한 측면에서 이해하고 체계화한 것을 부동산의 ( )이라 한다.",복합개념(Compound Concept)
1.3.002,1. 금융상품 및 세제,1.3. 부동산관련 상품,"부동산의 권리는 수평, 지중, 공중의 3차원에 미치는데, 농촌은 주로 수평공간을 이용하며 도시의 아파트는 공중의 권리를 이용하는 것이다'는 부동산의 복합개념 중 (물리적 측면 / 경제적 측면 / 법적 측면)이다.",물리적 측면
1.3.003,1. 금융상품 및 세제,1.3. 부동산관련 상품,"부동산의 공시방법은 ( )이고, 동산의 공시방법은 ( )이다.",등기 / 점유
1.3.004,1. 금융상품 및 세제,1.3. 부동산관련 상품,$\times$/$\circ$ 부동산등기는 공신력이 인정되지 않는다.,$\circ$
1.3.005,1. 금융상품 및 세제,1.3. 부동산관련 상품,"청구권보전의 효력, 순위보전적 효력은 (본등기 / 가등기)의 효력이다.","가등기 $\rightarrow$ 본등기의 효력은 '물권변동적 효력, 순위확정적 효력' 등이다."
1.3.006,1. 금융상품 및 세제,1.3. 부동산관련 상품,"부동산현상을 국지화하는 것은 ( ), 일물일가의 법칙이 적용되지 않는 것은 ( )으로 인한 것이다.",부동산의 부동성 / 부동산의 개별성
1.3.007,1. 금융상품 및 세제,1.3. 부동산관련 상품,"제한물권 중 용익물권에는 ( ), ( ), ( )이 있으며, 담보물권에는 ( ), ( ), ( )이 있다.","지상권, 지역권, 전세권 / 유치권, 질권, 저당권 $\rightarrow$ 이 중에서 '질권'은 부동산을 대상으로 하지 않는다."
1.3.008,1. 금융상품 및 세제,1.3. 부동산관련 상품,"부동산공부 중에서 공법적 규제사항을 알 수 있는 것은 ( ), 토지의 경계나 형상을 알 수 있는 것은 ( ), 면적이나 분할·합병의 역사를 알 수 있는 것은 ( ), 소유권 및 기타의 권리관계를 알 수 있는 것은 ( )이다.",토지이용계획확인원 / 지적도 / 토지대장 / 등기부등본
1.3.009,1. 금융상품 및 세제,1.3. 부동산관련 상품,부동산에 저당권이 설정되어 있는지는 등기부등본의 (표제부 / 갑구 / 을구)에서 확인할 수 있다.,을구
1.3.010,1. 금융상품 및 세제,1.3. 부동산관련 상품,"건축물의 규모와 구조, 건축물의 용도나 용도변경내역을 알 수 있는 부동산 공부는 ( )이다.",건축물대장
1.3.011,1. 금융상품 및 세제,1.3. 부동산관련 상품,부동산은 (정보의 비공개성 / 정보의 공개성)으로 비탄력적이다.,정보의 비공개성
1.3.012,1. 금융상품 및 세제,1.3. 부동산관련 상품,부동산 경기국면에서 매수자인위의 시장이 강화되는 국면은 (회복 / 호황 / 후퇴 / 불황 / 안정)국면이다.,불황 $\rightarrow$ 호황은 매도자 우위의 시장이 강화되는 국면.
1.3.013,1. 금융상품 및 세제,1.3. 부동산관련 상품,( )의 부동산경기는 일반경기의 동행하는 편이다. ( ) 부동산은 일반경기에 후행하거나 역행한다고 볼 수 있다.,상업용 / 주거용
1.3.014,1. 금융상품 및 세제,1.3. 부동산관련 상품,"순영업소득, 순영업소득 = ( ) + ( ) = 유효총소득, 유효총소득 - ( ) = 순영업소득, 순영업소득 - ( ) = 세전영업현금흐름, 세전영업현금흐름 - 법인세 = 세후영업현금흐름이다.","운영소득, 기타소득 / 운영경비 / 부채서비스액"
1.3.015,1. 금융상품 및 세제,1.3. 부동산관련 상품,"매도에 의한 현금흐름은 '매도가액 - 매도경비 = 순매도액, 순매도액 - ( ) = 세전지분복귀현금흐름, 세전지분복귀현금흐름 - 양도소득세 = 세후지분복귀현금흐름'이다.",미상환대출잔액
1.3.016,1. 금융상품 및 세제,1.3. 부동산관련 상품,"부동산투자결정은 NPV가 ( ), IRR이 ( ), PI지수가 ( ) 채택된다.",0보다 클 때 / 요구수익률보다 높을 때 / 1보다 클 때
1.3.017,1. 금융상품 및 세제,1.3. 부동산관련 상품,$\times$/$\circ$ 부채상환비율(DSCR)은 ( )을 나눈 값이다.,$\times$ $\rightarrow$ Cash On Cash수익률은 자기자본을 자기자본으로 나누는 수익률 = 부채상환비율(DSCR : Debt-Service Coverage Ratio) 또는 부채상환비율(DCR: Debt Coverage Ratio) = 순영업소득 / 부채서비스액
1.3.018,1. 금융상품 및 세제,1.3. 부동산관련 상품,부채상환비율(DSCR)은 ( )이다.,순영업소득 / 부채서비스액
1.3.019,1. 금융상품 및 세제,1.3. 부동산관련 상품,"4개의 용도지역과 9개의 용도지구, 4개의 용도구역은 '국토의 계획 및 이용에 관한 법률'에 따른 ( )에 의해 지정된다.","도시지역, 관리지역, 자연환경보전지역 $\rightarrow$ 도, 관, 농, 자로 암기"
1.3.020,1. 금융상품 및 세제,1.3. 부동산관련 상품,"용도지역은 ( ), ( ), ( ), ( )의 4개로 구성된다.","도시지역, 관리지역, 농림지역, 자연환경보전지역 $\rightarrow$ 도, 관, 농, 자로 암기"
1.3.021,1. 금융상품 및 세제,1.3. 부동산관련 상품,"( )은 토지의 이용 및 건축물의 용도, 건폐율, 용적률, 높이 등을 제한함으로써 토지를 경제적, 효율적으로 이용하고 공공복리의 증진을 도모하기 위하여 서로 중복되지 않게 지정한다.",용도지역
1.3.022,1. 금융상품 및 세제,1.3. 부동산관련 상품,"도시지역 내의 용적률이 가장 높게 허용되는 순서는 ( ), ( ), ( ), ( ), 녹지지역 순이다.","상업지역, 주거지역, 공업지역, ""상, 주, 공, 녹으로 암기"""
1.3.023,1. 금융상품 및 세제,1.3. 부동산관련 상품,대지면적에 대한 건축물의 지상층의 연면적(대지에 2 이상의 건축물이 있는 경우는 이들 연면적의 합)의 비율을 ( )이라 한다.,용적률
1.3.024,1. 금융상품 및 세제,1.3. 부동산관련 상품,"대지면적이 1,000㎡, 건축면적이 500㎡, 지상층 연면적이 6,000㎡인 경우 용적률은 ( )이며, ( )에 해당한다.",600% / 상업지역
1.3.025,1. 금융상품 및 세제,1.3. 부동산관련 상품,기존건축물의 전부 또는 일부를 철거하고 그 대지 안에 종전과 동일한 규모의 범위 안에서 건축물을 다시 축조하는 것을 (신축 / 증축 / 개축 / 재축 / 이전)이라 한다.,개축
1.3.026,1. 금융상품 및 세제,1.3. 부동산관련 상품,사용승인을 받은 건축물의 최초용도가 아닌 다른 용도로 바꾸어 사용하는 것을 ( )이라 한다.,용도변경
1.3.027,1. 금융상품 및 세제,1.3. 부동산관련 상품,"개발행위의 허가대상으로는 '건축 또는 공작물의 설치, 토지의 ( ), ( ), ( ), 토지분할, 적치행위'가 있다.","형질변경, 토석채취, ""단, 경작을 위한 형질변경과 소규모의 토지성토는 허가대상에서 제외한다."""
1.3.028,1. 금융상품 및 세제,1.3. 부동산관련 상품,개발행위 허가대상으로서의 지목변화란 '녹지지역 · 관리지역 · 자연환경보전지역에 물건을 ( ) 이상 쌓아놓는 행위'를 말한다.,1개월
1.3.029,1. 금융상품 및 세제,1.3. 부동산관련 상품,"지수를 토지를 제공하고, 개발업자는 개발비를 투입하여 건축물을 완공한 후 토지평가액과 개발비의 비율에 따라 건물의 지분을 배분하는 방식은, 지주공동사업방식 중 ( )이다.",등가교환
1.3.030,1. 금융상품 및 세제,1.3. 부동산관련 상품,$\times$/$\circ$ 부동산투자회사(REITs)는 현물출자로 설립할 수 있다.,$\times$ $\rightarrow$ 부동산투자회사는 발기설립의 방법으로만 설립할 수 있다.
1.3.031,1. 금융상품 및 세제,1.3. 부동산관련 상품,"( )에 근거하여 설립하며, 자산의 투자 · 운용업무를 하기 위해서는 ( )의 영업인가를 받아야 한다.","부동산투자회사법, 국토교통부장관"
1.3.032,1. 금융상품 및 세제,1.3. 부동산관련 상품,영업인가를 받은 날부터 6개월이 지난 부동산투자회사의 자본금은 자기자본의 ( )가 ( ) 이상이어야 한다.,"70억 원, 50억 원"
1.3.033,1. 금융상품 및 세제,1.3. 부동산관련 상품,"리츠는 ( ) 영업인가일로부터 2년 이내에 발행주식수의 ( ) 이상을 일반투자자에게 제공해야 하며, ( ) 이상을 부동산 관련 증권 및 현금으로 구성해야 하며, ( ) 이상을 주주에게 배당해야 한다.","30%, 80%, 90%"
1.3.034,1. 금융상품 및 세제,1.3. 부동산관련 상품,자본시장법에는 자기자본의 2배나 3배수 수준의 특별제한을 한 경우에는 자기자본의 ( )까지 가능하다.,10배
1.3.035,1. 금융상품 및 세제,1.3. 부동산관련 상품,"위탁관리리츠는 자산의 투자 및 운용업무를 자산관리회사에 위탁해야 하며, 자산관리회사는 '자본금 ( ) 이상, 운용전문인력 ( ) 이상' 등의 요건을 갖추어야 한다.","70억 원, 5인"
1.3.036,1. 금융상품 및 세제,1.3. 부동산관련 상품,PF는 '비소구금융 혹은 제한적 소구금융(Non or Limited Recourse Financing)'의 성격을 가지고 있어서 채권자가 부담하는 대출위험은 크지 않다.,"× → 자산관리회사의 등록요건은 자기자본이 70억 원 이상과 동일하다. 따라서 별도의 재무건전성지표사업자에 대한 경영권, 운영수입에 대한 근질 등을 취해야 한다."
1.3.037,1. 금융상품 및 세제,1.3. 부동산관련 상품,PF채권에 대한 안정성확보 수단으로 사업부지나 완공된 건물에 대해서는 ( ) 또는 ( )을 설정할 수 있다.,"저당권, 근저당권"
1.3.038,1. 금융상품 및 세제,1.3. 부동산관련 상품,저당권은 법인채권으로서 채권실행을 하고 부동산담보신탁은 시장에서 직접 매도할 수 있으므로 담보의 환가력은 ( )이 더 높다.,부동산담보신탁
1.3.039,1. 금융상품 및 세제,1.3. 부동산관련 상품,"PF채권에 대한 안정성확보 수단으로는 시공사로부터의 채권보증자가 가장 많은데, 시공사의 ( ), ( ), 채무인수, 자금보충 등이 있다.","지급보증, 책임분양"
1.3.040,1. 금융상품 및 세제,1.3. 부동산관련 상품,×/∘ 포트폴리오 위험을 나타내는 환산은 개별 부동산의 분산은 가중평균한 값이다.,× → 기타수익률은 가중평균이지만 위험은 공분산항목이 추가된다.
1.3.041,1. 금융상품 및 세제,1.3. 부동산관련 상품,×/∘ 주식과 채권을 보유한 포트폴리오에 부동산을 편입할 경우 체계적위험이 감소한다.,× → 분산시 비체계적위험이 감소한다.
1.3.042,1. 금융상품 및 세제,1.3. 부동산관련 상품,"부동산가치의 발생요인은 ( ), ( ), ( )이 있으며 부동산가치의 형성요인은 ( ), ( )이다.","유효수요, 효용 / 일반적 요인, 지역적 요인, 개별적 요인 / 가치발생요인 3요인가 : 필요, 유, 의"
1.3.043,1. 금융상품 및 세제,1.3. 부동산관련 상품,비준가격 = 사례가격 × 사정보정 × 시점수정 × 지역요인비교 × 개별요인비교 × 면적'으로 평가하는 것은 (거래사례비교법 / 수익환원법)에 해당한다.,거래사례비교법
1.3.044,1. 금융상품 및 세제,1.3. 부동산관련 상품,"취득 시 원가가 3억 원인 어떤 건물이 3년이 경과한 현재 재조달원가가 5억 원에 달했다면 대수선수명은 10년, 내용연수의 잔존가액은 0원으로 가정) 시, 건물의 복성가격은 ( )이다.",4억 원 → 건물의 복성가격 = 5억 원 - (5억 원 × 3/15) = 4억 원
1.3.045,1. 금융상품 및 세제,1.3. 부동산관련 상품,"연간 임대료 수입이 1,000만 원이다. 자본환원율이 5%라면 이 부동산의 가치는 ( )이며, 이러한 방식을 (가격수익비교법 / 수익환원법 / 수익환원법)이라 한다.","2억 원 / 수익환원법 → 1,000만 원 / 0.05 = 2억 원"
1.3.046,1. 금융상품 및 세제,1.3. 부동산관련 상품,"소득접근법에서 순영업소득을 환원시키는 방법(직접환원법, 할인현금수지분석법)중에서, 당해의 순수익이 영구적으로 지속된다는 전제 하에 환원을 시키는 방법은 ( )이다.",직접환원법
1.3.047,1. 금융상품 및 세제,1.3. 부동산관련 상품,"×/∘ 한가액은 건물, 기계장치 등 재생산이 가능한 물건에 널리 적용되나, 토지와 같이 재생산이 불가한 자산에 대해서는 적용이 불가하다.",∘
1.3.048,1. 금융상품 및 세제,1.3. 부동산관련 상품,기술이 정보알수-제조물원가나 감가상각액의 파악이 어렵다는 단점이 있는 것은 (거래사례비교법 / 원가법 / 수익환원법)법이다.,원가법
1.3.049,1. 금융상품 및 세제,1.3. 부동산관련 상품,토지를 평가함에 있어 가장 적합한 감정평가방식은 (비교방식 / 원가방식 / 수익방식)으로 평가하는 것이 적합하다.,비교방식
1.3.050,1. 금융상품 및 세제,1.3. 부동산관련 상품,임대료나 기업용 부동산은 (비교방식 / 원가방식 / 수익방식)으로 평가하는 것이 적합하다.,수익방식
2.1.001,2. 투자운용 및 전략 II 및 투자분석,2.1. 대안투자운용,$\times$/$\circ$ 대안투자는 매수전용(Long Only)에서 벗어나 차익이나 공매도 등의 다양한 거래방식을 활용한다.,$\circ$
2.1.002,2. 투자운용 및 전략 II 및 투자분석,2.1. 대안투자운용,"$\times$/$\circ$ 대안투자상품에는 부동산, 원자재, 인프라스트럭처, 선박, MMF 등이 있다.",$\times$ $\rightarrow$ MMF는 전통 투자상품(채권)에 속한다.
2.1.003,2. 투자운용 및 전략 II 및 투자분석,2.1. 대안투자운용,해당 부동산이 창출하는 미래현금흐름을 담보로 하는 부동산금융은 (주택금융 / 수익부동산금융)이다.,수익부동산금융
2.1.004,2. 투자운용 및 전략 II 및 투자분석,2.1. 대안투자운용,$\times$/$\circ$ PF(프로젝트파이낸싱) 금융은 주택금융에 속한다.,"$\times$ $\rightarrow$ PF는 수익부동산금융에 속하며, 개발사업을 위해 대출을 받는 금융을 말한다."
2.1.005,2. 투자운용 및 전략 II 및 투자분석,2.1. 대안투자운용,"$\times$/$\circ$ 자산유동화증권(ABS)의 발행을 통해, 자산보유자는 보유하고 있는 유동성이 낮은 자산을 유동화회사로서 유동성위험을 회피할 수 있다.",$\circ$
2.1.006,2. 투자운용 및 전략 II 및 투자분석,2.1. 대안투자운용,부동산개발사업에 있어서 부동산의 건축을 담당하는 주체는 (시행사 / 시공사)이다.,시공사
2.1.007,2. 투자운용 및 전략 II 및 투자분석,2.1. 대안투자운용,지주 수가 많은 토지에 대해서는 지주 개인 별로 개발계약을 하는 것이 바람직하다.,$\times$ $\rightarrow$ 지주공동사업을 통해 신탁방식 등을 통한 자금조달과 유동화도 할 수 있다.
2.1.008,2. 투자운용 및 전략 II 및 투자분석,2.1. 대안투자운용,$\times$/$\circ$ PEF의 사원은 1인 이상의 무한책임사원(GP : General Partners)과 1인 이상의 유한책임사원(LP : Limited Partners)로 구성되며 그 총수는 100인 이하이어야 한다.,"$\times$ $\rightarrow$ PEF는 합자회사 형태의 사모펀드로서, 100인 이상 총수 규정이 없으며, 사원수는 49인 이하이어야 한다."
2.1.009,2. 투자운용 및 전략 II 및 투자분석,2.1. 대안투자운용,PEF의 (무한책임사원 / 유한책임사원)은 PEF에 투자한 금액의 범위 내에서만 책임을 진다.,유한책임사원
2.1.010,2. 투자운용 및 전략 II 및 투자분석,2.1. 대안투자운용,"$\times$/$\circ$ PEF의 무한책임사원은 노무 또는 신용사용을 할 수 없으며, 반드시 금전 또는 자산재산 있는 유가증권으로 투자해야 한다.","$\times$ $\rightarrow$ 노무/신용사용을 할 수 없다는 내용은 맞으나, 펀드재산 중 유가증권으로만 투자해야 하는 것은 아니다."
2.1.011,2. 투자운용 및 전략 II 및 투자분석,2.1. 대안투자운용,"PEF의 자금회수(EXIT) 방안 중 가장 선호되는 것은 PEF가 인수한 기업을 일반기업에 직접 매각하는 것이며, ( )의 경우 기업의 수익창출을 유발할 수 있다.",재상장(Re-capitalization)
2.1.012,2. 투자운용 및 전략 II 및 투자분석,2.1. 대안투자운용,$\times$/$\circ$ PEF의 자금회수(EXIT) 방안 중 PEF가 인수한 기업을 다른 PEF에 매각하는 것은 허용되지 않는다.,$\times$ $\rightarrow$ 매각할 수 있다.
2.1.013,2. 투자운용 및 전략 II 및 투자분석,2.1. 대안투자운용,$\times$/$\circ$ PEF는 등기 · 등록사무로서 유한책임사원의 내역을 공개해야 한다.,$\times$ $\rightarrow$ 유한책임사원은 비공개이다.
2.1.014,2. 투자운용 및 전략 II 및 투자분석,2.1. 대안투자운용,"헤지펀드 중 글로벌 매크로전략은 세계경제주제를 현상하여 포트폴리오를 구축하는 방향성전략인데, (판다는 / 배팅업) 방식으로 운용된다.",판다는(Top-down)
2.1.015,2. 투자운용 및 전략 II 및 투자분석,2.1. 대안투자운용,$\times$/$\circ$ 헤지펀드는 기초자산을 보유해야만 거래할 수 있다.,$\times$ $\rightarrow$ 헤지펀드는 기초자산이 없어도 공매도를 한다는차익거래 등을 통하여 거래가 가능.
2.1.016,2. 투자운용 및 전략 II 및 투자분석,2.1. 대안투자운용,"헤지펀드전략 중 '합병차익거래, 부실채권전략'은 (차익거래전략 / 상황의존전략 / 방향성전략)에 속한다.",상황의존전략(Event-Driven 전략)
2.1.017,2. 투자운용 및 전략 II 및 투자분석,2.1. 대안투자운용,합병차익거래는 인수기업주식을 ( )하고 피인수기업주식을 ( )하는 것이 일반적이다.,"매도, 매수 ('인수기업주식 매도 & 피인수기업주식 매수')"
2.1.018,2. 투자운용 및 전략 II 및 투자분석,2.1. 대안투자운용,"전환사채거래에 유리한 전환사채는 기초자산의 변동성이 (크고 / 작고), 전환사채가격이 (크고 / 작고), 기초자산의 배당률이 (높고 / 낮고), 전환프리미엄이 (낮은 / 높은) 상태가 좋다.","크고, 크고, 낮고, 낮은"
2.1.019,2. 투자운용 및 전략 II 및 투자분석,2.1. 대안투자운용,"전환사채의 델타가 ( )일 경우 전환사채에 주식을 매수하고, 주식 1단위를 매도하면 파생상품 구조(위험합성행위)를 만들 수 있다.",0.5
2.1.020,2. 투자운용 및 전략 II 및 투자분석,2.1. 대안투자운용,"채권수익률곡선이 스티프닝해질 경우에는 단기채를 ( )하고, 플래트닝해지면 장기채를 ( )한다.","매수, 매도 ('단기채 매수+스티프닝하면 단기채를 매도하고, 플래트닝해지면 장기채를 매수한다')"
2.1.021,2. 투자운용 및 전략 II 및 투자분석,2.1. 대안투자운용,"Commodity Futures Contracts / Commodity Forward Contracts는 다양한 장점이 있으나, ( ) 등에 노출되는 단점이 있다.",롤오버리스크와 마진콜
2.1.022,2. 투자운용 및 전략 II 및 투자분석,2.1. 대안투자운용,"Positive Roll Yield는 ( )에서, Negative Roll Yield는 ( )에서 발생한다.",백워데이션 / 콘탱고
2.1.023,2. 투자운용 및 전략 II 및 투자분석,2.1. 대안투자운용,"CDO의 발전단계는 '전통적인 CDO - CLN CDO - 합성CDO'인데 기초자산을 매각하지 않아서 고객사와의 우호관계를 유지할 수 있으며, 채권발행비용도 절감할 수 있는 것을 충족하는 것은 ( )이다.",합성CDO
2.1.024,2. 투자운용 및 전략 II 및 투자분석,2.1. 대안투자운용,기초자산의 수익률과 유동화증권 수익률 간의 차이에서 발생하는 차익을 목적으로 발행하는 CDO는 ( )이다.,Arbitrage CDO
2.1.025,2. 투자운용 및 전략 II 및 투자분석,2.1. 대안투자운용,$\times$/$\circ$ CDS(Credit Default Swap)는 보장매수자가 보장매도자에게 프리미엄을 지급한다.,$\circ$
2.1.026,2. 투자운용 및 전략 II 및 투자분석,2.1. 대안투자운용,"$\times$/$\circ$ CDS는 보장매수자가 준거자산의 양도 없이 신용위험을 전할 수 있으며, 신용위험 전가사실을 고객사(채무자)가 알 수 없으므로 고객사와 우호적인 관계를 유지할 수 있는 장점이 있다.",$\circ$
2.1.027,2. 투자운용 및 전략 II 및 투자분석,2.1. 대안투자운용,"보장매수자의 입장에서는 개별적인 꼬리거래(Tail-risk)를 하는 비용이 싸며, 보장매도자의 입장에서는 첫째 부동산만 책임이 있어 CDS와 크게 다르지 않으나 CDS보다 높은 프리미엄을 약속할 수 있는 것은 (CDS / FTD / CLN / TRS)이다.",FTD(First To Default)
2.1.028,2. 투자운용 및 전략 II 및 투자분석,2.1. 대안투자운용,"신용위험뿐만 아니라 시장위험도 전가하며, 현금흐름부채효과가 있는 것은 ( )이다.",Total Return Swap(TRS)
2.1.029,2. 투자운용 및 전략 II 및 투자분석,2.1. 대안투자운용,$\times$/$\circ$ TRS매입자는 시장 기준금리에 TRS spread를 가산한 금액을 TRS매도자에게 지급한다.,$\circ$
2.1.030,2. 투자운용 및 전략 II 및 투자분석,2.1. 대안투자운용,"위험전가를 목적으로 하고 발행하며, 재무상태표상의 위험자산이 감소하여 재무비율이 개선될 수 있는 CDO는 ( )이다.",Balance Sheet CDO
2.1.031,2. 투자운용 및 전략 II 및 투자분석,2.1. 대안투자운용,수익을 초기에 한 번에 받으며(up front) 만기시점에서 남아있는 담보자산의 원금을 받는 트랜치는 ( )이다.,아퀴티(equity)
2.2.001,2. 투자운용 및 전략 II 및 투자분석,2.2. 해외증권투자운용,$\times$/$\circ$ 국내권으로 분산불가능한 체계적 위험도 국제 분산투자를 할 경우 추가적인 분산효과는 얻기 어렵다.,$\times$
2.2.002,2. 투자운용 및 전략 II 및 투자분석,2.2. 해외증권투자운용,"MSCI지수는 달러기준의 국제주가지수로 미국투자자에 특이 적합하며, (시가총액식 / 유동주식 시가총액식) 방식으로 지수를 산출한다.",유동주식 시가총액식
2.2.003,2. 투자운용 및 전략 II 및 투자분석,2.2. 해외증권투자운용,"유니타리의 경우 MSCI지수에서는 (MSCI 세계지수 / MSCI EM지수), FTSE지수에서는 (DM지수 / EM지수)로 분류된다.",MSCI 세계지수 / DM지수
2.2.004,2. 투자운용 및 전략 II 및 투자분석,2.2. 해외증권투자운용,MSCI EM지수는 주요 신흥시장 23개국의 기업을 기준으로 산출되며 주가등락과 환율변동에 따라 매일 변동한다.,$\circ$
2.2.005,2. 투자운용 및 전략 II 및 투자분석,2.2. 해외증권투자운용,( )지수는 벤치마크로서 상장된 100개의 우량주식으로 구성된 지수이다.,FTSE100
2.2.006,2. 투자운용 및 전략 II 및 투자분석,2.2. 해외증권투자운용,$\times$/$\circ$ 2024년 현재 한국은 세계채권지수WGBI에 편입되어 있다.,$\times$
2.2.007,2. 투자운용 및 전략 II 및 투자분석,2.2. 해외증권투자운용,$\times$/$\circ$ 세계경제의 통합화가 더욱 강화되고 있으므로 아시아나 국제분산투자에 의한 초과수익의 가능성은 존재하지 않을 것이라고 보는 것이 현실적이다.,$\times$
2.2.008,2. 투자운용 및 전략 II 및 투자분석,2.2. 해외증권투자운용,$\times$/$\circ$ 글로벌 동조화가 강화될수록 국제 분산투자효과도 커진다.,$\times$
2.2.009,2. 투자운용 및 전략 II 및 투자분석,2.2. 해외증권투자운용,$\times$/$\circ$ 본국통화로 표시한 외국주식에 대한 분산은 외국통화로 표시한 투자수익률과 환율변동률을 합한 값이다.,$\circ$
2.2.010,2. 투자운용 및 전략 II 및 투자분석,2.2. 해외증권투자운용,$\times$/$\circ$ 위험분산을 계산할 때 공분산항목이 추가된다.,$\circ$
2.2.011,2. 투자운용 및 전략 II 및 투자분석,2.2. 해외증권투자운용,$\times$/$\circ$ 투자기간의 전체기간을 하나의 계약으로 일시에 헤지하는 것은 롤오버헤지이다.,"$\times$ $\rightarrow$ 전체기간을 몇 개의 단기기간으로 나누고 단기기간을 이어서 헤지하는 것이 롤오버헤지이며, 플로어링과정에서 롤오버위험이 발생한다."
2.2.012,2. 투자운용 및 전략 II 및 투자분석,2.2. 해외증권투자운용,"미국투자자가 달러상승시에 해외투자 시 환차손을 입게 되는데, 이때 달러가치와 양의 상관관계를 보이는 주식을 매수함으로써 환차손을 상쇄할 수 있다. 이렇게 주가와 통화가치 간의 상관관계를 이용한 환위험 헤지방법을 (롤오버헤지 / 내재적 헤지)라고 한다.",내재적 헤지
2.2.013,2. 투자운용 및 전략 II 및 투자분석,2.2. 해외증권투자운용,$\times$/$\circ$ 내재적 헤지(Implicit hedge)를 위해서는 별도의 헤지비용이 필요하다.,$\times$ $\rightarrow$ 내재적 헤지는 별도의 헤지비용이 발생하지 않는다.
2.2.014,2. 투자운용 및 전략 II 및 투자분석,2.2. 해외증권투자운용,$\times$/$\circ$ 국제투자펀드는 환위험을 위험요인으로 보기보다는 초과수익의 원원으로 보기 때문에 특별한 경우가 아니면 환헷지를 하거나 또는 헤지를 하지 않는다.,$\circ$
2.2.015,2. 투자운용 및 전략 II 및 투자분석,2.2. 해외증권투자운용,"동조화의 정도는 산업별로 차이가 나는데, 시장이 글로벌화되면 IT산업이나 중간재산업 등에서 동조화 현상은 (더욱 강하게 / 더욱 약하게) 나타난다.",더욱 강하게
2.2.016,2. 투자운용 및 전략 II 및 투자분석,2.2. 해외증권투자운용,해외에서 달러표시로 DR을 발행하고 미국과 런던에서 동시에 상장한다면 (ADR / EDR / GDR)이 된다.,GDR
2.2.017,2. 투자운용 및 전략 II 및 투자분석,2.2. 해외증권투자운용,해당 기업이 미증시에 상장하기를 원하여 DR발행 및 상장관련 비용을 직접 부담하여 상장하는 것을 (Sponsored DR / Unsponsored DR)이라 한다.,Sponsored DR
2.2.018,2. 투자운용 및 전략 II 및 투자분석,2.2. 해외증권투자운용,뉴욕시장은 세계 최고의 시장이나 DR 발행사가 엄격하고 까다로우며 규제가 약한 런던시장 등을 선호한다.,$\times$ $\rightarrow$ 뉴욕시장이 규제가 엄격하여 DR 발행사가 런던시장 등을 선호한다.
2.2.019,2. 투자운용 및 전략 II 및 투자분석,2.2. 해외증권투자운용,$\times$/$\circ$ 라구 주식시장 거래규모의 주요 결정요인은 상장회사의 시가총액이다. 그런데 투자자의 거래형태나 주식보유의 증가 및 분포도 중요한 결정요인이다.,$\circ$
2.2.020,2. 투자운용 및 전략 II 및 투자분석,2.2. 해외증권투자운용,$\times$/$\circ$ 복수상장DR상품 등을 하면 상장비용이 절감되는 측면이 있다.,"$\times$ $\rightarrow$ 복수상장을 한다고 해서 상장비용이 절감되는 것은 아니다. 복수상장을 통해 물량공급과 거래규모, 홍보효과 증가가 상장유지비용보다 더 성장이 정당화된다."
2.2.021,2. 투자운용 및 전략 II 및 투자분석,2.2. 해외증권투자운용,"런던에서 파운드로 발행하면 ( ), 런던에서 달러로 발행하면 ( )가 된다.",외국채 / 유로채
2.2.022,2. 투자운용 및 전략 II 및 투자분석,2.2. 해외증권투자운용,$\times$/$\circ$ 양키본드는 북미소유회사의 본국 외에서 발행되는 채권에 속한다.,$\times$
2.2.023,2. 투자운용 및 전략 II 및 투자분석,2.2. 해외증권투자운용,$\times$/$\circ$ 유로채는 무기명채권(Bearer Bond)으로 발행되기 때문에 이자소득세의 부담이 없다.,$\circ$
2.2.024,2. 투자운용 및 전략 II 및 투자분석,2.2. 해외증권투자운용,$\times$/$\circ$ 외국채는 현지국의 규제를 받으며 기명식채권(Registered Bond)으로 발행하므로 이자소득세를 부담하는 것이 원칙이다.,$\circ$
2.2.025,2. 투자운용 및 전략 II 및 투자분석,2.2. 해외증권투자운용,"$\times$/$\circ$ 양키본드는 1984년 이전까지 10%의 원천징수세가 부과되었지만, 이후로는 국제경제활성화를 위해 미국 국내 유입을 위해 외국투자자가 양키본드 투자할 경우 원천징수세 부과를 면제하였다.",$\times$
2.2.026,2. 투자운용 및 전략 II 및 투자분석,2.2. 해외증권투자운용,미 채무 채권 중에서 만기 1년 이하의 채권은 ( )이며 ( )로 발행한다.,단기채 / 할인채
2.2.027,2. 투자운용 및 전략 II 및 투자분석,2.2. 해외증권투자운용,국내 거주자가 해외주식에 직접투자하고 양도차익을 남긴 경우에는 양도소득세과세표준의 22%에 지방세 포함이 과세된다.,$\circ$
2.2.028,2. 투자운용 및 전략 II 및 투자분석,2.2. 해외증권투자운용,$\times$/$\circ$ 미국채권에 투자할 경우 위험프리미엄은 투자유의사항이 되지 않는다.,$\times$
2.2.029,2. 투자운용 및 전략 II 및 투자분석,2.2. 해외증권투자운용,$\times$/$\circ$ 딥썸온드(Deep Discount Bond)는 홍콩에서 위안화로 채권을 발행하면 (양심본드 / 딤섬본드)라 한다.,$\times$ $\rightarrow$ 딤섬본드(딤섬본드)이다.
2.2.030,2. 투자운용 및 전략 II 및 투자분석,2.2. 해외증권투자운용,외국기업이 홍콩에서 위안화로 채권을 발행하면 (딤섬본드 / 양심본드 / 상하이) 접근이다.,딤섬본드
2.2.031,2. 투자운용 및 전략 II 및 투자분석,2.2. 해외증권투자운용,세계경제를 글로벌화된 산업의 집합으로 보는 것은 해외투자전략에 대한 (하향식 / 상향식) 접근이다.,하향식
2.2.032,2. 투자운용 및 전략 II 및 투자분석,2.2. 해외증권투자운용,"$\times$/$\circ$ 소극적인 투자전략으로서 벤치마크 포트폴리오를 정확히 모방하고자 하는 것은, 벤치마크 구성 시의 거래비용을 줄이면서도 벤치마크 수익률에 근접시킬 수 있는 효과적인 전략이 된다.",$\times$
2.2.033,2. 투자운용 및 전략 II 및 투자분석,2.2. 해외증권투자운용,$\times$/$\circ$ 정확히 모방한채권 full replication이라는 것은 인덱싱 과정에서 거래 비용이 높아지는 문제를 발생시킨다.,$\times$
2.3.001,2. 투자운용 및 전략 II 및 투자분석,2.3 투자분석기법,"현금흐름의 추정은 ( )으로, 그리고 모든 간접적 효과를 고려하여 추정한다.",세전기준 / 세후기준
2.3.002,2. 투자운용 및 전략 II 및 투자분석,2.3 투자분석기법,"현금흐름 추정 시 현금흐름의 유입원은 재무제표상의 ( ), ( ), ( )로부터 추정된다.","영업이익, 감가상각비, 이자비용"
2.3.003,2. 투자운용 및 전략 II 및 투자분석,2.3 투자분석기법,"비유동자산의 매입은 현금흐름의 증가로, 운전자본(유동자산 증가는 현금유출의 증가도, 비자본유부채의 증가는 현금유출의 증가/감소)로 나타난다.",감소
2.3.004,2. 투자운용 및 전략 II 및 투자분석,2.3 투자분석기법,현금흐름의 유입원은 손익계산서의 ( )이다.,영업이익
2.3.005,2. 투자운용 및 전략 II 및 투자분석,2.3 투자분석기법,"범위, 표준편차, 평균편차는 ( )에 해당하는 지표이다.",중심위치 / 산포경향
2.3.006,2. 투자운용 및 전략 II 및 투자분석,2.3 투자분석기법,"( )는 두 변수의 관계의 방향과 정도를 나타내주는 측정치로서, 공분산을 변수 각각의 표준편차의 곱으로 나누어준 값이다.",상관계수
2.3.007,2. 투자운용 및 전략 II 및 투자분석,2.3 투자분석기법,×/∘ 상관계수는 -1에서 +1 사이의 값을 갖는다.,∘
2.3.008,2. 투자운용 및 전략 II 및 투자분석,2.3 투자분석기법,"액면가 10만 원, 표면금리 4%, 만기수익률이 5%, 연단위후급이표채인 영구채권의 가격은 ( )이다.","80,000원"
2.3.009,2. 투자운용 및 전략 II 및 투자분석,2.3 투자분석기법,배당가정모형상 기업의 성장이 일정한 경우를 가정할 때 주식의 가격을 평가하는 공식은 ( )이다.,P0​=k−gD1​​
2.3.010,2. 투자운용 및 전략 II 및 투자분석,2.3 투자분석기법,×/∘ 항상성장모형에서는 요구수익률(k)이 배당성장률(g)보다 크다는 것을 전제한다.,∘
2.3.011,2. 투자운용 및 전략 II 및 투자분석,2.3 투자분석기법,"재무비율 지표 중에서 '의 단기부채에 대한 상환능력은 ( ), 기업의 중장기적인 채무이행능력은 ( ), 현재 기업이 부담하고 있는 채무적 부담에 대한 이행력은 ( )로서 측정할 수 있다.","유동비율, 안정성지표, 보상비율"
2.3.012,2. 투자운용 및 전략 II 및 투자분석,2.3 투자분석기법,"이자보상비율은 ( )을 이자비용으로 나눈 것인데, 재무비율 지표 중에서 ( )지표로 분류된다.",영업이익 / 안정성
2.3.013,2. 투자운용 및 전략 II 및 투자분석,2.3 투자분석기법,"×/∘ 채무비율, 매출채권회전율, 총자산회전율 중에서 활동성지표에 해당하는 것은 ( )이다.","× (매출채권회전율, 총자산회전율만 해당함)"
2.3.014,2. 투자운용 및 전략 II 및 투자분석,2.3 투자분석기법,"×/∘ 총자산이용률, 자기자본이용률, 총자산회전율: 이자보상비율 중에서 재무상태표와 손익계산서를 모두 활용해서 산출되는 재무비율이 아닌 것은 ( )이다.",× (총자산이용률 등은 모두 재무상태표/손익계산서를 활용함)
2.3.015,2. 투자운용 및 전략 II 및 투자분석,2.3 투자분석기법,"( )은 순이익을 총자산으로 나눈 지표이며, 기업이 보유하고 있는 자산을 얼마나 효율적으로 이용하고 있는가를 측정한다. 이 지표가 높을수록 효율적인 영업을 의미하나, 지나치게 높을 경우 R&D 투자가 미흡하다는 해석이 가능하다.",ROA
2.3.016,2. 투자운용 및 전략 II 및 투자분석,2.3 투자분석기법,"( )는 ROA × (1 + 부채비율)로 표시되며, 이 값은 ROA가 높거나 부채비율이 높을수록 상승한다.",ROE
2.3.017,2. 투자운용 및 전략 II 및 투자분석,2.3 투자분석기법,유동비율은 높은데 당좌비율이 낮다면 재고자산 또는 선급금이 (크다 / 많다)는 뜻이다.,크다
2.3.018,2. 투자운용 및 전략 II 및 투자분석,2.3 투자분석기법,"총자산회전율이 (높다면 / 낮다면) 낮은 경영효율성, 설비의 노후화 등을 의미한다.",낮다면
2.3.019,2. 투자운용 및 전략 II 및 투자분석,2.3 투자분석기법,×/∘ 재고자산회전율이 낮다는 매출채권회전이 급격하게 증가하는 것은 부실의 징후로 해석할 수 있다.,×
2.3.020,2. 투자운용 및 전략 II 및 투자분석,2.3 투자분석기법,×/∘ 고정자산보상비율이 낮다는 해당 기업이 부채를 비효율적으로 사용하는 것을 의미한다.,∘
2.3.021,2. 투자운용 및 전략 II 및 투자분석,2.3 투자분석기법,"영업레버리지는 기업의 영업이 중 영업종류의 정도와 관계없이 발생하는 ( )의 존재로 인해 발생하며, 재무레버리지는 영업이익의 유무와 관계없이 발생하는 ( )의 존재로 인해 발생한다.",고정비 / 고정재무비용
2.3.022,2. 투자운용 및 전략 II 및 투자분석,2.3 투자분석기법,매출액의 변동에 대한 영업이익의 변동률의 비율'로 정의되는 것은 (DOL / DFL / DCL)이다.,DOL (영업래버리지도)
2.3.023,2. 투자운용 및 전략 II 및 투자분석,2.3 투자분석기법,영업이익의 변동에 대한 주당순이익의 변동률의 비율'로 정의되는 것은 (DOL / DFL / DCL)이다.,DCL (재무래버리지도)
2.3.024,2. 투자운용 및 전략 II 및 투자분석,2.3 투자분석기법,"결합레버리지도는 영업레버리지도와 재무레버리지를 결합한 개념인데, 계산상으로는 양자의 (합 / 곱)으로 계산된다.",곱
2.3.025,2. 투자운용 및 전략 II 및 투자분석,2.3 투자분석기법,영업레버리지가 5라면 매출액이 1% 증가할 때 ( )이 5% 증가하는 것을 말한다.,영업이익
2.3.026,2. 투자운용 및 전략 II 및 투자분석,2.3 투자분석기법,재무레버리지가 5라면 ( )이 1% 증가할 때 주당순이익이 5% 증가하는 것을 말한다.,영업이익
2.3.027,2. 투자운용 및 전략 II 및 투자분석,2.3 투자분석기법,"매출액이 100억 원, 고정비 60억 원, 변동비 20억 원, 영업이익 20억 원, 이자비용이 7.5억 원일 때 영업레버리지는 ( ), 재무레버리지는 ( ), 결합레버리지는 ( )이다.","4, 1.6, 6.4"
2.3.028,2. 투자운용 및 전략 II 및 투자분석,2.3 투자분석기법,타인자본 의존도가 높을수록 결합레버리지도는 (높게 / 낮게) 나타난다.,높게
2.3.029,2. 투자운용 및 전략 II 및 투자분석,2.3 투자분석기법,"감가상각비, 유가증권평가이익, 설비자산처분, 차입금차입' 중에서 현금흐름표 작성 시 (+)로 반영되지 않는 것은 ( )이다.",유가증권평가이익
2.3.030,2. 투자운용 및 전략 II 및 투자분석,2.3 투자분석기법,"영업활동현금흐름 계산 시 '매출채권의 감소, 재고자산의 감소, 매입채무의 ( )'는 현금흐름의 증가로 계산된다.",증가
2.3.031,2. 투자운용 및 전략 II 및 투자분석,2.3 투자분석기법,차입금의 차입이나 상환은 (영업활동 / 재무활동 / 투자활동)현금흐름에 속한다.,재무활동
2.3.032,2. 투자운용 및 전략 II 및 투자분석,2.3 투자분석기법,×/∘ PER이 상승하고 있다면 보통 좋은 현상으로 받아들인다.,∘
2.3.033,2. 투자운용 및 전략 II 및 투자분석,2.3 투자분석기법,×/∘ PER이 (높으면 / 낮으면) 투자자들이 해당 기업을 보수적이고 안전 위주의 경영을 하고 있음을 의미한다.,낮으면
2.3.034,2. 투자운용 및 전략 II 및 투자분석,2.3 투자분석기법,"×/∘ Gordon모형의 PER에서, 요구수익률(k)이 ROE보다 클 경우 배당성향과 PER은 양(+)의 관계를 보인다.",×
2.3.035,2. 투자운용 및 전략 II 및 투자분석,2.3 투자분석기법,×/∘ PBR이 낮다고 해서 주가상승가능성이 높다고 보는 것은 단편적인 시각이다. PBR이 낮다면 주가상승가능성이 높다고 보는 것은 합당하다.,×
2.3.036,2. 투자운용 및 전략 II 및 투자분석,2.3 투자분석기법,"( )는 자기자본을 시가로 평가하므로, PBR의 장부가가맹을 보완하며, 'Q > 1'인 경우 ( ) 기업경영을 효율적으로 하고 있다 / ⓐ 적대적 M&A의 타깃이 된다).","Q비율, ⓐ 적대적 M&A의 타깃이 된다"
2.3.037,2. 투자운용 및 전략 II 및 투자분석,2.3 투자분석기법,( ) = ROE × PER,PEG
2.3.038,2. 투자운용 및 전략 II 및 투자분석,2.3 투자분석기법,영업이익은 흑자이나 당기순이익이 적자인 기업의 내재가치를 상장가치평가모형으로 분석할 때 가장 적합한 지표는 ( )이다.,EV/EBITDA
2.3.039,2. 투자운용 및 전략 II 및 투자분석,2.3 투자분석기법,당기순이익을 기준으로 평가하는 PER의 한계점을 보완하고 기업의 자본구조도 감안하여 평가하는 장점이 있는 것은 ( )이다.,EV/EBITDA
2.3.040,2. 투자운용 및 전략 II 및 투자분석,2.3 투자분석기법,( ) = 세후영업이익 - (투하자본 × 가중평균자본비용)이다. EVA는 회계적 이익에 포함되지 않는 ( )까지 고려하는 진정한 경영성과지표로 평가된다.,"EVA, 자기자본비용"
2.3.041,2. 투자운용 및 전략 II 및 투자분석,2.3 투자분석기법,( )는 주주자본비용의 기회비용에 성과를 명확히 설명할 수 있게 한다.,EVA
2.3.042,2. 투자운용 및 전략 II 및 투자분석,2.3 투자분석기법,EVA를 영업성과 측정도구로 사용할 경우 (타인자본비용 / 자기자본비용 / 자본비용) 이상의 이익을 실현하는 것을 기업투자의 목표로 설정하게 된다.,자기자본비용
2.3.043,2. 투자운용 및 전략 II 및 투자분석,2.3 투자분석기법,×/∘ EVA는 회계집합과 발생주의 회계원리의 결과로 산출된 회계적 이익이 경제적 이익을 반영하도록 수정하는 대체적 회계처리에 해당한다고 할 수 있다.,∘
2.3.044,2. 투자운용 및 전략 II 및 투자분석,2.3 투자분석기법,"세후영업이익이 30억 원, 자본비용 10억(부채개입)인, 자기자본 200억 원일 경우 EVA모형으로 평가한 기업가치는 ( )이다.",300억 원